month,day,Solar_per,Eolica_per,Hidraulica_per,Carbon_per,Gas_Natural_per,Geotermica_per,Biomasa_per,Demand_per
1,1,0.16500908769692946,0.07712191891030384,0.17561855191530848,-0.0027105162768223355,-0.2714170770367053,-0.003966911426121605,-0.055626844532274546,0.02399854878279144
1,2,0.16236243302028852,0.07857444454408649,0.17439883387368837,-0.007313433254985601,-0.26038993157402834,0.0024805120659346985,-0.058786331568373575,0.02343454630431909
1,3,0.15950969677625423,0.07923618969300077,0.17306339872919968,-0.012141328014597337,-0.24854807754529487,0.009062849717509328,-0.06123693098401388,0.022850433502733983
1,4,0.15646694900775174,0.07904308479020516,0.171592198595427,-0.017131316491910263,-0.2359017408658935,0.015649542644274105,-0.06296088783755767,0.02226437370878837
1,5,0.15325297319334252,0.07794860797308882,0.16996512987012052,-0.022215846609836176,-0.22247954640815434,0.022105143368225284,-0.06396372179177072,0.0216936148265048
1,6,0.14988901535872387,0.07592513967216921,0.16816209449120298,-0.0273240972045301,-0.2083287279462674,0.028292736097530472,-0.06427302146285728,0.021153937798239635
1,7,0.14639843020664942,0.07296482199340824,0.16616312254376392,-0.03238355378321973,-0.19351467801019417,0.034077565303869135,-0.06393663428587115,0.020659152777688213
1,8,0.14280647398972365,0.06908012218117003,0.16394869815521335,-0.03732137106141733,-0.17812087481581887,0.0393303881464633,-0.06302034985625189,0.020220691476140463
1,9,0.1391396408794892,0.06430354350647294,0.16149993111042604,-0.04206635677999681,-0.1622466026027655,0.04393144852385097,-0.06160507262611546,0.019847224088404017
1,10,0.13542535965566624,0.058687166597781906,0.15879902636385515,-0.04655035827195305,-0.14600591698667983,0.0477736311323853,-0.05978365175205196,0.019544426393582455
1,11,0.13169145723479944,0.05230154530367194,0.15582969850494222,-0.05070988972958816,-0.1295253344363263,0.050765721948735625,-0.05765742208631052,0.019314817025060067
1,12,0.12796563959737867,0.04523416472725953,0.15257764927297293,-0.05448760321685753,-0.11294130577239296,0.05283527165251057,-0.055332569244619274,0.019157705129813473
1,13,0.1242749198599685,0.03758737758726455,0.14903102519810177,-0.05783365736375294,-0.09639717270066403,0.05393105500788294,-0.052916398110789346,0.019069243164133675
1,14,0.1206452611317712,0.029476410338191116,0.14518108836128016,-0.060706724406986885,-0.08004082086553463,0.054024999037043255,-0.05051378269793927,0.019042587535550003
1,15,0.11710080728154794,0.02102615176712922,0.14102245543670552,-0.06307517140210807,-0.06402023315273418,0.05311367941839177,-0.048223480587506196,0.019068148845584727
1,16,0.11366356950193478,0.012368565925374752,0.1365537035350574,-0.06491761236633026,-0.04848085951608578,0.051219080823250385,-0.04613497799014253,0.01913394375497875
1,17,0.11035293860720993,0.00363948865437763,0.13177771554233486,-0.06622340567873908,-0.03356201121745672,0.04838880648597624,-0.0443255379154659,0.01922602051785907
1,18,0.10718525647032041,-0.0050246930022754535,0.12670192394273716,-0.06699284586920085,-0.01939336010058059,0.04469557150573571,-0.04285768754069458,0.0193289536528496
1,19,0.10417363077115643,-0.013489882354520318,0.12133875522266797,-0.06723704385753855,-0.006092403915168137,0.0402362718283684,-0.04177728133233938,0.0194263836125568
1,20,0.1013274567809774,-0.02162805578248688,0.11570537020801103,-0.06697761460869414,0.006239455442930761,0.03512997556575145,-0.04111195047875976,0.019501602898164917
1,21,0.09865238724499291,-0.029319893685838802,0.10982386327697774,-0.0662460037467809,0.017518857264654294,0.02951572689985474,-0.04087031999694969,0.019538145869727522
1,22,0.09615020173988227,-0.03645769261991069,0.10372103999679493,-0.06508261812721171,0.027682863591373397,0.023549589746889407,-0.04104174862146015,0.019520381894923396
1,23,0.09381880252026693,-0.04294788084667059,0.09742811479212829,-0.0635357179180903,0.036690710703288686,0.01740123104967284,-0.04159670624134294,0.019434086037416188
1,24,0.09165227658956032,-0.048713235421978446,0.09098019687646448,-0.06166008836046544,0.04452513041868939,0.011250011040016947,-0.042487767783531055,0.019266967954924177
1,25,0.08964116958055621,-0.05369436249200709,0.08441602036963758,-0.05951566367035067,0.05119268515933201,0.00528109387730525,-0.04365112243141717,0.019009155636823486
1,26,0.08777259724341521,-0.057851376218160694,0.07777680430333356,-0.05716580653934409,0.05672441573714999,-0.00031939463222603257,-0.04500871541820987,0.018653587500067403
1,27,0.08603068959788791,-0.0611644072737536,0.07110574985399859,-0.05467572299266163,0.06117497892072702,-0.005368625334231436,-0.04647074929666633,0.01819633782137098
1,28,0.08439697968047799,-0.06363394578629913,0.06444707671901588,-0.05211073903064919,0.06462167223936309,-0.009691706182090466,-0.047938615069705016,0.01763683867731073
1,29,0.08285088109728309,-0.06528059484194478,0.05784506448539641,-0.049534608554968794,0.06716279464134324,-0.013126163240380807,-0.04930810975346521,0.01697800008061208
1,30,0.08137019995593377,-0.06614431913427707,0.05134297503171166,-0.047007849532389755,0.06891549115854723,-0.015526243990408209,-0.0504728636561717,0.016226212902254292
1,31,0.07993176946864812,-0.06628316816746758,0.04498233109547171,-0.04458632615256462,0.07001302630463846,-0.01676679365255848,-0.05132779900077532,0.01539128733494008
2,1,0.07851193842971765,-0.06577163424135857,0.03880145311603237,-0.04231968020851242,0.07060182673775804,-0.016746991330364204,-0.05177271203854521,0.014486195301289815
2,2,0.07708723990913396,-0.06469849465480322,0.03283478909777107,-0.04025023605241016,0.07083796788341581,-0.015393291632719349,-0.051715598276059455,0.013526796194851434
2,3,0.07563496707493546,-0.06316436520525066,0.02711193294511153,-0.038411968648059194,0.07088350858924196,-0.012661942463317363,-0.05107583134672396,0.012531425912934992
2,4,0.07413372695206984,-0.061278930523833396,0.02165675132274513,-0.03682972155452802,0.07090262758074312,-0.008540761795612008,-0.049786993039179904,0.011520398618864615
2,5,0.07256404521541578,-0.059158077492639835,0.016486940683209328,-0.03551876835574262,0.07105768068461125,-0.003050472043371018,-0.04779938703492447,0.010515497014651652
2,6,0.07090874642801892,-0.056920671195361594,0.011613098116170954,-0.03448446261353424,0.07150527747899307,0.0037552014378832736,-0.0450819188571302,0.009539290590880557
2,7,0.06915344322833754,-0.05468549740107621,0.007038587843676192,-0.033722347924276606,0.07239248025665827,0.011789733390714483,-0.041623575656753856,0.008614534270283258
2,8,0.06728686520019429,-0.052568132291296366,0.002759263171185796,-0.033218442523816324,0.07385321850790717,0.02093498047611431,-0.03743425716646936,0.007763490161085081
2,9,0.06530112086916198,-0.05067794577400383,-0.001236560733931174,-0.03294980427003817,0.07600501160784992,0.031043071875535358,-0.03254500169716256,0.007007261915426059
2,10,0.0631918436134159,-0.0491152807315319,-0.004967984452941365,-0.03288533906617646,0.07894612304222147,0.041939144160217545,-0.027007516895676306,0.006365142786651961
2,11,0.06095836610636175,-0.04796898099050125,-0.008460999504819357,-0.03298682858733166,0.08275299786331607,0.05342409585426388,-0.020893420809911717,0.005854038156993589
2,12,0.058603551620223536,-0.047314070047739694,-0.011748205756623404,-0.03321014282921837,0.08747857852553897,0.06527921150355154,-0.014292236832957429,0.005487872138989554
2,13,0.05613377058045212,-0.047210002257523205,-0.014867920018806305,-0.033506615414763144,0.09315087226088047,0.0772700430524057,-0.007309469081307642,0.005277144053701491
2,14,0.05355866322056637,-0.047699246575619664,-0.017863345629147456,-0.033824527143727454,0.09977228836852792,0.08915133065684751,-6.387153990919901e-05,0.005228533639359307
2,15,0.05089080614637285,-0.048806370071107566,-0.02078159243324213,-0.034110667274442716,0.10731967272652632,0.10067224720714431,0.007315731327223863,0.005344616733675988
2,16,0.04814545443324405,-0.05053753010805284,-0.023672415568813717,-0.03431190810640685,0.11574452648744459,0.11158118591404766,0.01469353284355246,0.005623680536638404
2,17,0.045339903702145766,-0.05288059253397859,-0.02658720448281863,-0.03437679823513632,0.12497473275698734,0.1216319654811629,0.02193093204954255,0.0060596695039822415
2,18,0.04249310228270941,-0.055805613986155786,-0.02957758067671709,-0.03425706207746529,0.1349160131896107,0.13058865433339154,0.028890004007242145,0.006642237720572417
2,19,0.039625066440323015,-0.05926584280896725,-0.03269414335009002,-0.03390901714731449,0.1454543538192733,0.13823091415811958,0.03543742712518724,0.007356922574521547
2,20,0.036756296942423536,-0.06319914480097961,-0.03598519338365969,-0.03329484911333148,0.15645883780024597,0.14435893289158272,0.041448246634801685,0.008185431593723261
2,21,0.03390714971731621,-0.0675298720885649,-0.03949554571435059,-0.032383701605925526,0.16778502725346656,0.14879801204083226,0.04680950891657085,0.009106046782435932
2,22,0.03109737399980821,-0.07217081268077277,-0.04326521411266938,-0.03115262191454224,0.17927801870389853,0.15140243691790428,0.05142330702166685,0.010094070383059107
2,23,0.028345340101558775,-0.07702592349675777,-0.04732861417626228,-0.02958717289170458,0.1907770576866928,0.1520592602665756,0.05521005439718488,0.011122461997334077
2,24,0.025667632567474872,-0.08199277210933656,-0.05171350283043435,-0.02768190387481529,0.20211898693414407,0.1506908850902866,0.05811065625934326,0.012162437560311483
2,25,0.023078527684217368,-0.08696535749398908,-0.05644027972669706,-0.02544052245736558,0.2131423894166114,0.14725720764268938,0.06008845971217713,0.01318417107555799
2,26,0.0205895672909542,-0.09183694079737545,-0.06152143307087955,-0.022875820240145325,0.22369154263003727,0.14175692154059916,0.06113053595725003,0.014157518253750286
2,27,0.01820918061706663,-0.09650290957071804,-0.06696124948806217,-0.020009313392283727,0.23362032353879034,0.13422791406353501,0.06124831558184855,0.015052762388473789
2,28,0.015942526433817023,-0.10086328165788706,-0.07275541203095282,-0.01687081517477314,0.24279529405122688,0.12474731016499627,0.060477566885365444,0.01584130235555151
3,1,0.013791153016709945,-0.10482558209403381,-0.07889144490803837,-0.013497451650473658,0.25109958425917694,0.11342980180479888,0.05887770522825374,0.01649641650684711
3,2,0.011753031658310075,-0.10830694230844154,-0.08534874474694484,-0.009932809075809308,0.2584351897782783,0.10042603067851834,0.056530422049897194,0.01699387494028526
3,3,0.009822549518751866,-0.11123618280089924,-0.09209912435869774,-0.00622575230561058,0.2647253612677204,0.08591981401113839,0.05353771201336445,0.017312541402649977
3,4,0.007990608456517927,-0.11355552191702215,-0.09910756906921647,-0.002429095924938291,0.2699163781747967,0.07012455745330427,0.050019276074751505,0.017434884753533532
3,5,0.006244923337075931,-0.11522177965262043,-0.10633275588846122,0.0014016011810762611,0.2739784499222297,0.053279976433297356,0.046109629303342295,0.01734739343662031
3,6,0.004570199276345988,-0.11620743292367035,-0.11372853646789087,0.005209740869879549,0.27690658803045676,0.035646429433544,0.04195436627074075,0.017040897734295547
3,7,0.002948602671963006,-0.11650096663637723,-0.1212447332105246,0.008938968967354405,0.27872023773196397,0.017500626292323105,0.0377064979941194,0.016510762835196896
3,8,0.0013601953529784978,-0.11610693800909816,-0.12882842806683575,0.01253465494062829,0.2794626105329762,-0.0008698955719941154,0.03352236224430049,0.01575697549529716
3,9,-0.00021655137491174113,-0.1150455855037959,-0.13642522974543894,0.015945266454951895,0.2791993548040943,-0.019172343113201606,0.029557451388518334,0.014784109464819723
3,10,-0.0018042170789992,-0.11335200882460708,-0.14398065115093273,0.019123680608309858,0.27801665126823766,-0.03711454968209105,0.025962194816022348,0.013601159216118557
3,11,-0.003425771617590308,-0.11107508210801825,-0.15144103869024317,0.022028183275393763,0.27601888968014826,-0.05440981218042914,0.02287805052266096,0.012221333951487556
3,12,-0.005104084993380634,-0.10827582730623284,-0.15875532907568626,0.02462367243738989,0.27332575911727663,-0.0707836715182062,0.020433402612468274,0.010661608454547949
3,13,-0.006861257886438054,-0.10502569091672254,-0.16587584977260852,0.026882303696195375,0.2700691081077928,-0.08597835591677687,0.01874021005162986,0.008942316110059908
3,14,-0.008718063149702318,-0.10140450260460723,-0.1727594465769382,0.028784119312222325,0.2663894777322554,-0.09975791405148203,0.017890863481784695,0.00708659792720735
3,15,-0.010693427981115621,-0.09749823449119202,-0.17936845909989818,0.030317436887675277,0.2624324162323444,-0.11191280863065943,0.01795560363690903,0.005119777355761441
3,16,-0.012803849718845161,-0.09339688753980209,-0.18567115620880803,0.03147893174112228,0.25834494368101646,-0.12226328508318275,0.018980504206118572,0.0030688046309077276
3,17,-0.015063104370957248,-0.08919188443045288,-0.19164275164577696,0.03227366835439525,0.2542715679843504,-0.13066350113456346,0.020986113633489716,0.0009614441744848925
3,18,-0.017481803217903318,-0.08497394373489679,-0.1972654558430898,0.032714732511920995,0.25035087213184365,-0.13700353185227912,0.023966783045874785,-0.0011743195599003254
3,19,-0.020067145308687955,-0.08083082624266273,-0.20252871213573775,0.03282275365025665,0.2467120806892816,-0.14121136523898917,0.02789068385993521,-0.003310977926739265
3,20,-0.02282273882498332,-0.07684527981229891,-0.2074291497440591,0.03262522052902696,0.24347196327387535,-0.14325397045402002,0.03270053490149807,-0.005422142629379866
3,21,-0.0257485527191292,-0.07309315183317948,-0.21197038600913348,0.03215562642986357,0.24073208049979533,-0.14313755856671792,0.038315086479298675,-0.007483167006423314
3,22,-0.028840793445563596,-0.06964197105295303,-0.2161623807572228,0.03145251001794838,0.23857661801447744,-0.14090709405818463,0.04463091761955903,-0.00947158632378913
3,23,-0.03209221854485628,-0.0665493921900634,-0.22002113519828742,0.03055833258947139,0.23707040188871997,-0.1366449897823168,0.05152549211750535,-0.011367719511702344
3,24,-0.035492206536654455,-0.06386240371788367,-0.22356770564311068,0.029518335501251963,0.23625777488821334,-0.1304690474735604,0.05886009915396195,-0.013154942822252264
3,25,-0.03902707980503441,-0.0616166565410801,-0.22682735460859751,0.028379337076449886,0.2361618662714226,-0.12252973271463569,0.0664835489293891,-0.014819986587749445
3,26,-0.04268047285624014,-0.059836188585045545,-0.22982854435144207,0.027188530859269994,0.23678446969171166,-0.11300680511055648,0.07423615367171707,-0.016353104516038407
3,27,-0.04643381210358691,-0.058533485300581216,-0.23260188953041802,0.02599230185078743,0.23810650927439347,-0.10210525634253813,0.08195403627698429,-0.01774815216408306
3,28,-0.050266632064483535,-0.05770994194952752,-0.23517891478305925,0.024835176123171727,0.24008896626807252,-0.09005142903606593,0.08947311944987564,-0.019002481334542024
3,29,-0.0541573685015804,-0.05735649228260955,-0.23759112530684742,0.023758725268192726,0.24267448246498094,-0.0770874756046008,0.09663401922789643,-0.020116891863467712
3,30,-0.05808374427534627,-0.05745467253378553,-0.2398687845354776,0.022800731016081016,0.24578928460132365,-0.06346679168103678,0.10328593196737952,-0.021095324420235612
3,31,-0.06202338148838503,-0.057977840209775575,-0.242039918130899,0.021994422677347088,0.24934558021072867,-0.04944866860659502,0.1092907478803865,-0.021944549762431348
4,1,-0.06595441093969567,-0.058892614874756756,-0.24412940177584969,0.021367882275511077,0.25324432498357385,-0.03529283832285244,0.11452679893697695,-0.022673773880990348
4,2,-0.06985583372045137,-0.060160398575881686,-0.2461580507553214,0.02094365463747887,0.2573780160942608,-0.02125488474731695,0.1188918863779145,-0.02329414196091653
4,3,-0.07370830215367234,-0.06173909115823215,-0.2481420953247913,0.020738465118312684,0.26163411475468046,-0.007580163911478019,0.12230638728147468,-0.023818279528803075
4,4,-0.07749439590692787,-0.06358472977630684,-0.25009257923367845,0.020763191851953893,0.2658981019575521,0.005500377509145419,0.12471514963076785,-0.024259719434091265
4,5,-0.08119906421970055,-0.0656531447997047,-0.2520150598142179,0.021022972746927458,0.270056748817087,0.017774853263417538,0.12608905341705515,-0.02463236161764112
4,6,-0.08480995040433124,-0.06790152216862994,-0.2539094722378416,0.02151748523900627,0.27400124838623857,0.029054486817866952,0.1264258140405439,-0.024949930087772684
4,7,-0.08831767577531147,-0.07028985770699088,-0.2557702071600594,0.022241385141806902,0.2776302070779947,0.03917725432088245,0.1257500577714145,-0.025225456456796316
4,8,-0.09171583603199672,-0.07278208881563829,-0.2575862709124608,0.023184829719269263,0.28085217286254166,0.04801038006860459,0.12411273681830581,-0.02547078816783281
4,9,-0.09500131222307513,-0.07534728337487866,-0.2593418420980853,0.024334194416726337,0.28358825135313953,0.055453355017899816,0.1215897527461119,-0.025696182785777667
4,10,-0.09817408365120314,-0.07796030035688846,-0.2610167798363751,0.025672789379508534,0.2857739049982454,0.061439089478656575,0.11827998253062472,-0.025909938355039182
4,11,-0.10123715629200555,-0.08060231185390437,-0.26258738901791057,0.02718166717778283,0.2873605294513076,0.0659349697803352,0.11430267058845686,-0.026118119174016394
4,12,-0.10419636500483509,-0.08326101051264152,-0.26402728914767293,0.028840447663166492,0.28831651010565745,0.0689430749593263,0.1097942805000397,-0.02632436546523404
4,13,-0.10706012995913905,-0.085930557225092,-0.26530839511006554,0.030628159207884247,0.2886277802238181,0.07049968970899159,0.10490483032048806,-0.026529798268571207
4,14,-0.1098389795419173,-0.08861109055990403,-0.2664018946088695,0.032523941067631054,0.2882978659419556,0.07067405561140731,0.09979415498614926,-0.026733007896805223
4,15,-0.11254534437313782,-0.09130827786246404,-0.2672794081849526,0.03450789447904873,0.2873474592994465,0.06956661725867663,0.0946273393898302,-0.026930161197221896
4,16,-0.11519297290490094,-0.09403231616745021,-0.2679140006092182,0.03656164384421217,0.2858134676125553,0.06730644988609584,0.08957057368541375,-0.027115176575618606
4,17,-0.11779648138125703,-0.09679687969395678,-0.26828123831781464,0.038668894667939595,0.28374764537696257,0.06404823298013353,0.08478670235717074,-0.027279996121127744
4,18,-0.1203708815352725,-0.099617902839337,-0.2683601663536782,0.04081587505500281,0.281214785975025,0.05996864376658442,0.08043086947860796,-0.027414932853875616
4,19,-0.12293095653006719,-0.1025120790369012,-0.2681341911586793,0.04299151863600095,0.2782907231382956,0.05526257309754613,0.07664661084993371,-0.027509075390444518
4,20,-0.1254909455992559,-0.10549561719036468,-0.2675918467844588,0.045187755258408124,0.27505975319301057,0.050138511355432444,0.07356175564295703,-0.027550759250825174
4,21,-0.12806395710874835,-0.10858265753888528,-0.2667274010366921,0.04739940986530037,0.2716121403896135,0.04481414672491649,0.07128525204372002,-0.027528057860951163
4,22,-0.13066157045122678,-0.11178388836885425,-0.2655413043993507,0.04962408416877007,0.2680413535738637,0.0395115761008405,0.06990423035275703,-0.0274293016574714
4,23,-0.13329346009455603,-0.11510522289394527,-0.2640404541758039,0.051861880516922726,0.2644412806448288,0.03445249142831674,0.06948169320551897,-0.027243598023441493
4,24,-0.1359671136774688,-0.1185466598971166,-0.2622382442685967,0.054115031127447394,0.26090343451921505,0.029853344975508192,0.07005485158557317,-0.026961332760985987
4,25,-0.13868746648147068,-0.12210113303435194,-0.260154528601384,0.05638729260755396,0.2575144728831425,0.025920895474800778,0.07163408584030434,-0.02657465816844114
4,26,-0.14145692403072468,-0.12575399025196715,-0.2578151781985884,0.05868351734631713,0.25435349298462245,0.022847438767151472,0.07420268445347664,-0.026077900136320113
4,27,-0.14427515899878302,-0.12948234038633424,-0.2552516574297833,0.06100890411374263,0.2514899926579274,0.02080688412589751,0.07771723413896307,-0.025467934606970888
4,28,-0.14713914673377548,-0.13325488587337098,-0.25250032782754295,0.06336834371638962,0.24898193820037043,0.01995093574784997,0.08210871790165647,-0.02474447490036804
4,29,-0.15004328816400544,-0.13703206493788184,-0.24960158199176097,0.06576575862325633,0.24687421626058292,0.02040579879808736,0.08728433742525919,-0.023910266344717428
4,30,-0.15297944526839155,-0.1407662864685779,-0.24659901577241358,0.06820332260981884,0.2451976044495322,0.022269354491922595,0.09312963516341166,-0.022971238034480992
5,1,-0.1559373888656926,-0.14440290998035693,-0.24353815770177664,0.07068100434135811,0.24396793363799862,0.025608973021355667,0.09951177454414552,-0.021936458501624838
5,2,-0.15890497888072633,-0.14788108045187873,-0.24046545852652693,0.07319590598431008,0.24318594562042364,0.030459906065111276,0.10628269668212795,-0.020818086412441702
5,3,-0.16186857047359993,-0.15113505145252987,-0.23742707261375223,0.07574183485012241,0.24283746872381096,0.036824324969241914,0.11328294332564653,-0.01963117544646853
5,4,-0.16481343397272055,-0.15409570084033822,-0.2344676634406408,0.07830896292643612,0.24289405607077316,0.04467102303147122,0.12034570331651386,-0.018393392705524394
5,5,-0.16772424269196257,-0.15669226928304375,-0.23162920250342844,0.080883648130173,0.2433140424750128,0.05393589939558177,0.12730111067516245,-0.017124633753011258
5,6,-0.1705854138182467,-0.1588541021009011,-0.22894998897532334,0.08344825077076437,0.24404394689824926,0.06452254137435,0.13398020474599565,-0.015846632573513413
5,7,-0.17338179236532225,-0.16051278184854068,-0.22646343234388433,0.08598140001895288,0.24502025867560895,0.07630453556030092,0.14021964767776962,-0.01458235714810947
5,8,-0.17609898961261553,-0.16160398966840572,-0.22419728576839346,0.0884581163988305,0.24617145225020282,0.08912732739578569,0.1458654726895958,-0.013355499473404482
5,9,-0.17872386851351357,-0.1620694996876382,-0.22217285816159524,0.09085023481473019,0.24742023225459284,0.10281115570860457,0.1507769767334104,-0.012189855776040384
5,10,-0.18124495944859165,-0.16185905611635465,-0.22040442710513447,0.0931269414870358,0.24868591903154572,0.11715439624079059,0.15483017307568472,-0.011108701820069417
5,11,-0.18365285486239238,-0.16093209122193336,-0.21889881993783494,0.0952554653711955,0.2498869188098749,0.13193752181766563,0.15792082888948628,-0.010134156147942323
5,12,-0.18594040725501923,-0.1592593094608806,-0.21765527291217804,0.09720176253163662,0.25094312397555985,0.14692657178088434,0.1599668226012716,-0.009286614449873939
5,13,-0.1881031356973449,-0.15682390558469395,-0.21666532091084137,0.09893153752432535,0.2517783788615965,0.1618786327374456,0.16091027090327578,-0.008584106599368327
5,14,-0.1901392761186651,-0.1536225852390679,-0.21591306616101422,0.10041108267084506,0.25232265964434325,0.17654581387625562,0.1607186625221837,-0.008041819826181
5,15,-0.19204989156630528,-0.14966621306892888,-0.21537555149607593,0.10160828259488808,0.2525141176860075,0.19068019010243714,0.15938553980650919,-0.0076716305489888175
5,16,-0.19383888973957433,-0.1449800499003076,-0.215023334535083,0.10249361098459195,0.2523008371667504,0.2040387505891982,0.15693044505696094,-0.007481728048189482
5,17,-0.19551285455135095,-0.13960389729907088,-0.2148212478040181,0.10304106045746074,0.25164229638335117,0.21638752141097556,0.15339837673359852,-0.007476338610901031
5,18,-0.19708100042930796,-0.13359130803384817,-0.21472926868107384,0.10322911983128062,0.25051044470711875,0.22750706966070344,0.1488583201950752,-0.007655531448025045
5,19,-0.19855484024448986,-0.12700895307166193,-0.21470355369940414,0.10304156294519777,0.248890413508447,0.2371961981918031,0.1434014634420197,-0.008015156714149391
5,20,-0.1999478871215058,-0.11993536728574536,-0.21469754378644124,0.10246818503361008,0.24678082044244637,0.24527609742127388,0.13713875777270623,-0.008546880351180642
5,21,-0.20127527192864875,-0.11245940916989985,-0.2146631376221792,0.1015053923721469,0.24419366634287604,0.2515939263725509,0.13019803654127024,-0.009238333214032732
5,22,-0.20255332286164926,-0.10467832965724758,-0.21455189356210566,0.10015661791387495,0.24115379374508797,0.2560259511542033,0.1227206604476358,-0.010073378482079329
5,23,-0.20379903143547826,-0.09669604215964323,-0.21431623675246636,0.09843264813999808,0.23769814685377322,0.25847991539428933,0.11485830820820898,-0.011032429929679106
5,24,-0.20502963798909607,-0.08862028669514391,-0.2139106179349194,0.0963516031986214,0.23387432129382557,0.2588973057698619,0.10676869185946297,-0.012092961328910232
5,25,-0.20626205580601195,-0.0805605532223217,-0.2132926158104916,0.09393887570873155,0.22973914856223243,0.25725444158296756,0.09861203270303577,-0.013230001034723526
5,26,-0.20751237048420293,-0.0726254830375515,-0.21242393890113215,0.09122680343811085,0.2253568481888344,0.25356318747339424,0.09054710914549538,-0.01441673921050206
5,27,-0.208795354325868,-0.06492026313142919,-0.21127129079755314,0.08825412904634877,0.2207969514345461,0.2478708425386202,0.08272739544970399,-0.01562519071455009
5,28,-0.2101239347036108,-0.057544522447273844,-0.20980716252086207,0.0850654553999899,0.21613234614175542,0.24025970600219224,0.07529783818204527,-0.016826820811448786
5,29,-0.21150885273093617,-0.050589465926448696,-0.2080103263502669,0.0817101875293297,0.21143671117375226,0.23084528189156103,0.06839100638537457,-0.01799332603025358
5,30,-0.21295822792831173,-0.04413609844658502,-0.2058662834577946,0.07824167135135951,0.20678246685061097,0.2197744667472745,0.06212451090350361,-0.019097270292073282
5,31,-0.21447726020449318,-0.03825325037399957,-0.203367467341062,0.07471604371477833,0.20223851993175615,0.2072228234642643,0.056598390842933895,-0.020112767861215883
6,1,-0.21606798964895846,-0.03299599985249416,-0.20051327376674996,0.07119102328895104,0.19786818252199137,0.19339133952404172,0.05189307445669143,-0.02101611111525284
6,2,-0.21772915488359673,-0.02840439717103154,-0.1973098698524427,0.06772460135172226,0.19372722850009994,0.17850249781977523,0.04806782610755861,-0.021786348113462802
6,3,-0.21945603739896963,-0.024502829770901152,-0.19377002123848158,0.06437390497680806,0.18986242521881744,0.16279678704415843,0.04515995233532644,-0.022405744377430748
6,4,-0.2212405842964463,-0.021299275392745697,-0.1899123847304949,0.061193666739831946,0.18630987671135346,0.14652711336809648,0.043184141987876096,-0.022860245645394975
6,5,-0.22307142466329,-0.018785520331769896,-0.1857610261451848,0.05823514059184825,0.18309417855161703,0.1299546572553005,0.04213282558476705,-0.023139751718596772
6,6,-0.22493406332373247,-0.016937527311603792,-0.1813446391907438,0.05554489216131355,0.1802276869851707,0.11334370585683684,0.0419768464977618,-0.02323833170108372
6,7,-0.22681113348087212,-0.015716277358492303,-0.17669570493658535,0.05316373853185093,0.17771021517753646,0.09695657201844365,0.04266670045624596,-0.023154318689530873
6,8,-0.2286827417504117,-0.015069002253411193,-0.17184952731592984,0.05112580476618679,0.17552909192345065,0.0810483538509384,0.044134272082593,-0.02289028760429033
6,9,-0.23052676725229299,-0.014930806273608186,-0.166843514360799,0.04945785600714142,0.17365972303703558,0.06586272749772853,0.04629489449404986,-0.0224529398640053
6,10,-0.23231942945507195,-0.015226539332920494,-0.16171588763066005,0.048178582276138464,0.17206627270845198,0.0516261228236139,0.049049946574482514,-0.021852848046192877
6,11,-0.23403567916749596,-0.01587301532233233,-0.15650497198479044,0.04729832471379284,0.17070294266759573,0.038544070490792795,0.05228957209080403,-0.021104129274987633
6,12,-0.23564972604172543,-0.01678138927280994,-0.15124825689217491,0.046818888780714905,0.16951542652804194,0.026797025909033205,0.05589567865128208,-0.02022401658217307
6,13,-0.23713557548552341,-0.017859697316714957,-0.14598152663442737,0.04673360000541519,0.16844264177936316,0.016536763260432415,0.05974509544071567,-0.019232343003802232
6,14,-0.23846748342881047,-0.019015400116611618,-0.1407383927955197,0.04702757183163281,0.16741873247972516,0.007883903115854924,0.06371254769599906,-0.018151022332524847
6,15,-0.23962057034144563,-0.02015805080172473,-0.13554933371385958,0.0476781748581453,0.1663751030758298,0.0009248983178617902,0.06767404331794032,-0.01700336716048935
6,16,-0.24057123691174812,-0.021201760668686998,-0.13044147589593108,0.04865571289413874,0.16524266585398478,-0.004289091382892393,0.07150969628451792,-0.015813492221216544
6,17,-0.24129763236566773,-0.022067578485297362,-0.1254382126957525,0.04992426117197946,0.1639540507713035,-0.0077432276158960365,0.07510658004566584,-0.014605651407854092
6,18,-0.24178005837771824,-0.022685644274585613,-0.12055903151142851,0.05144265762094056,0.16244578824792236,-0.009459152744076101,0.07836128076943444,-0.013403593405285503
6,19,-0.24200131848736928,-0.022997070201876076,-0.11581943490949693,0.05316563669293361,0.16066036540041204,-0.009494390908849968,0.08118216570736925,-0.012229929703807783
6,20,-0.24194699646172277,-0.022955481444752072,-0.11123127649652848,0.05504495008677435,0.15854822543457867,-0.007941034556585774,0.08349113355014602,-0.011105612712027558
6,21,-0.24160568915724026,-0.02252821902249904,-0.10680268354449475,0.05703074597637126,0.15606933709009885,-0.004923694886922956,0.08522528766497278,-0.010049336525333791
6,22,-0.24096913847909604,-0.02169709692115548,-0.10253864920387278,0.059072770130922866,0.15319469506796063,-0.0005967510445583468,0.08633785027175628,-0.009077146763870853
6,23,-0.2400323076494231,-0.02045875697646481,-0.09844144926574802,0.06112164805900737,0.14990741049565537,0.004858998009827003,0.08679880984190969,-0.00820206568626605
6,24,-0.23879338071569842,-0.018824582208969955,-0.09451119435841811,0.06313009705505189,0.14620347539838752,0.011240252382700084,0.08659509289567814,-0.007433824181784124
6,25,-0.23725367245587678,-0.016820151673063125,-0.09074639520341843,0.06505407476116816,0.14209210979306122,0.018325696978934325,0.08573029185812783,-0.006778686285948375
6,26,-0.23541756694534985,-0.014484399549115849,-0.08714477244296079,0.06685370177311467,0.13759597411263863,0.025880457404275414,0.08422404547401371,-0.006239412408384413
6,27,-0.2332922149846135,-0.011868146295286179,-0.08370363587450987,0.06849426263389088,0.13275052013900546,0.03366168088907573,0.08211093330425355,-0.0058152512647401495
6,28,-0.2308873543896649,-0.009032505912813528,-0.08042067699974761,0.06994681490281436,0.12760344233965906,0.04142348524373792,0.07943912557315558,-0.005502109559933962
6,29,-0.228215003383825,-0.006046879281597638,-0.07729449113921547,0.07118872627977718,0.12221354752176451,0.048922384439477155,0.07626870457191885,-0.005292776763905046
6,30,-0.2252891015164157,-0.00298668654791801,-0.074325036657196,0.07220400138761003,0.11664928402685873,0.05592267508699973,0.0726697125074836,-0.005177244040374189
7,1,-0.22212530119922202,6.890427140227983e-05,-0.07151416784493397,0.07298334932971733,0.11098731416853946,0.06220127565117418,0.06872023699407392,-0.005143104271203787
7,2,-0.21874040521697471,0.0030397169772322596,-0.06886571278852731,0.07352416121183694,0.10531020502849088,0.06755311080094632,0.06450395663179574,-0.005176003264894107
7,3,-0.21515213835783623,0.005846989906764221,-0.06638576931687974,0.07383016803292089,0.0997045820131168,0.07179530382957242,0.060108044671091876,-0.0052601536897134114
7,4,-0.21137876232932082,0.008415939410983163,-0.06408269000046271,0.07391097389456651,0.09425883972195813,0.07477131733098781,0.055620875888336335,-0.005378873685049794
7,5,-0.20743874085935704,0.010678178272753386,-0.061966961617970676,0.0737814059542979,0.08906085498994215,0.07635445091225226,0.051129835894315065,-0.005515143517571027
7,6,-0.20335038299744965,0.012573972902209317,-0.060050923794119845,0.07346071192876381,0.08419564751867872,0.0764506941105332,0.046719197387879455,-0.005652163029408614
7,7,-0.19913175893626187,0.014054150719856509,-0.05834846124161403,0.07297165860161917,0.07974338008196201,0.07500089788283115,0.04246841569718612,-0.005773883744714266
7,8,-0.19480018034140875,0.01508191767644244,-0.05687435397826655,0.07233950021225682,0.07577692301858151,0.07198218868673505,0.03845012153675617,-0.005865523689369803
7,9,-0.19037219612721076,0.01563409443320598,-0.05564374553724087,0.07159092523708697,0.07236016912026783,0.06740856592201185,0.03472886989475488,-0.005914017593286315
7,10,-0.18586340048445515,0.015702072764355587,-0.05467141081731639,0.07075296528499476,0.06954629265529105,0.06133072882757684,0.031359900256076406,-0.005908413778941881
7,11,-0.18128828146547205,0.015292314557881912,-0.05397097911403989,0.06985190906436026,0.0673763225000645,0.05383499656846323,0.02838820359089807,-0.005840195569395795
7,12,-0.1766603818630746,0.014426439962168825,-0.05355415843427874,0.06891231757279956,0.06587814288394132,0.0450419023041885,0.025848050517624316,-0.005703526177267064
7,13,-0.171991974151322,0.013140814641226647,-0.05342987664022476,0.06795601538710509,0.06506559114822184,0.035103152932514356,0.023762476919246087,-0.00549539715765212
7,14,-0.16729430462105901,0.01148574027092295,-0.05360353263224942,0.067001298572169,0.06493817375208474,0.024198747038237777,0.022143408722224527,-0.0052156923193458285
7,15,-0.1625776090544231,0.009524211071304167,-0.05407625840981833,0.06606223083558876,0.06548101172910568,0.012533054807460055,0.020991881999671932,-0.0048671566187561445
7,16,-0.15785120983566608,0.007330286824105822,-0.054844277132178446,0.06514811236528363,0.06666517932429798,0.0003304315798697711,0.02029855268472599,-0.004455275250716681
7,17,-0.15312358010055743,0.0049870966971618195,-0.05589838945361328,0.06426311899169886,0.06844841844044385,-0.012169763964762178,0.020044430977671057,-0.003988061632824374
7,18,-0.14840269520125488,0.002584693314009681,-0.0572235337716044,0.06340618451033044,0.07077606957009437,-0.02471776854167973,0.020201815585243067,-0.003475795314384356
7,19,-0.14369584304263988,0.00021740681352673888,-0.05879863356420584,0.06257097964052741,0.07358251631216524,-0.03705969807791386,0.02073536104910218,-0.0029306366352878305
7,20,-0.13900997919144092,-0.002018685602999387,-0.06059650437188576,0.06174619205654274,0.07679268961200714,-0.04894249330264916,0.02160329725768209,-0.0023662384433787782
7,21,-0.13435179842447617,-0.004028507267123347,-0.0625840075594975,0.06091594652921638,0.08032388084204752,-0.060119576574750894,0.02275870617543886,-0.0017972883252292174
7,22,-0.12972784369643672,-0.005720709780895386,-0.06472239030594662,0.06006041460298014,0.08408770240717646,-0.07035623293574177,0.024150844044836486,-0.001239027227382523
7,23,-0.12514453872259176,-0.0070103427077376325,-0.06696784885701736,0.05915657407489026,0.08799220433291309,-0.07943483674197128,0.025726484926029122,-0.0007067487609812951
7,24,-0.12060845598125033,-0.007821310313840686,-0.06927215074303063,0.05817915848015228,0.09194381652561519,-0.08715920794019487,0.027431136960445114,-0.00021533106507712037
7,25,-0.11612602204583633,-0.008088757098211734,-0.07158369698936351,0.057101610511092714,0.09584974256764568,-0.09335953656917867,0.029210379031517894,0.0002212751777417232
7,26,-0.11170371823033796,-0.007761014161098534,-0.07384848382890145,0.05589721507994292,0.09961984092352709,-0.09789567005307298,0.031010922821328384,0.000590463925910484
7,27,-0.10734797890624648,-0.006801287302275921,-0.07601132820469222,0.054540222891264145,0.10316861760718196,-0.10066029861328506,0.032781647854197765,0.0008813763166340739
7,28,-0.10306505811126469,-0.005188915219251876,-0.078017195514841,0.053006970265584,0.10641704701487338,-0.10158131019649708,0.034474504693094904,0.0010852404728968847
7,29,-0.09886110887907867,-0.0029203040416258316,-0.0798124859329111,0.051277058477616586,0.10929400336239722,-0.1006233546644245,0.03604517588567199,0.0011956326398828128
7,30,-0.09474173798249404,-9.212734635628757e-06,-0.08134658630259853,0.049334285061234176,0.11173782119308853,-0.09778868963429772,0.03745378002234707,0.0012086845821477476
7,31,-0.09071203228780637,0.003513252031451566,-0.08257318107183394,0.047167645592163,0.11369719997478403,-0.09311707743310396,0.03866522366110531,0.0011231842161835844
8,1,-0.08677631770983903,0.00759919327877185,-0.08345163615421898,0.04477211364073156,0.11513200678316392,-0.0866849515890511,0.03964950280181512,0.0009406047707081425
8,2,-0.08293795726884792,0.012184925236083399,-0.08394827060974946,0.042149272140633,0.11601373042377688,-0.07860376712012708,0.04038184199997011,0.0006650459366642618
8,3,-0.07919910391531063,0.017192469653859066,-0.08403749869837895,0.0393077213673965,0.11632562272704373,-0.06901747711775567,0.04084270706216753,0.0003030876737872579
8,4,-0.07556067409461283,0.022531153949814118,-0.08370280775113356,0.03626344710706342,0.11606252359701895,-0.058099892250970286,0.04101768110194326,-0.0001364111955812692
8,5,-0.07202190534221149,0.0281001468408264,-0.0829375411807705,0.033039636693622976,0.11523042084094365,-0.04605028628527915,0.040897294000761926,-0.0006426276125611064
8,6,-0.06858037180114765,0.03379071180663613,-0.0817454352110303,0.0296665948840536,0.11384569391283905,-0.033089561318266306,0.040476717299730784,-0.0012031082821439701
8,7,-0.06523181462813522,0.039488974137114066,-0.0801409131360565,0.02618127289519391,0.11193414136467275,-0.019455445075513608,0.039755433143585685,-0.0018041721717054677
8,8,-0.061970019672287116,0.04507885479052784,-0.07814907801647507,0.022626569004812323,0.10952976152172884,-0.005397298679011198,0.03873684517736246,-0.00243135253896731
8,9,-0.05878692980737911,0.05044476647939216,-0.07580554348131333,0.019050631197914936,0.10667351154609701,0.00882846722158737,0.037427934896004524,-0.0030698239847418546
8,10,-0.05567243425028025,0.0554749628175478,-0.07315574186048047,0.015505562597913396,0.10341165667950733,0.02296470292591885,0.03583879532204523,-0.003704909541736625
8,11,-0.052614592998474825,0.060064163655344165,-0.07025417687534258,0.012046380543810131,0.09979431438005193,0.036758169666423174,0.0339822930845068,-0.004322506970776529
8,12,-0.04959973063797605,0.06411635889022325,-0.0671632977013426,0.008729643698485999,0.09587383615911266,0.04996484684593687,0.0318737028392752,-0.004909528296590663
8,13,-0.04661262822177847,0.06754732627725119,-0.06395214467066557,0.005612028520368404,0.0917032303265335,0.0623548099408958,0.02953038712706746,-0.005454295452618418
8,14,-0.04363673910627003,0.0702868901247395,-0.06069473603648404,0.002748821555149187,0.08733459445698367,0.0737168551524285,0.026971486683488484,-0.005946891769245762
8,15,-0.040654631659020966,0.07228068886720959,-0.0574684572609451,0.00019256085170642808,0.0828179072361352,0.08386200790634997,0.024217806098614902,-0.0063794252332499525
8,16,-0.03764813783452856,0.07349185838927816,-0.054351925776335186,-0.0020086219361593145,0.07819945316253335,0.09262777215700668,0.021291443375118402,-0.006746278364442956
8,17,-0.03459888793735021,0.07390195609277408,-0.05142313448797815,-0.003812252218393197,0.07352092579293988,0.0998804094498705,0.018215752368632303,-0.007044223401539381
8,18,-0.03148870690536412,0.07351159678398063,-0.04875735643194735,-0.005182822369294085,0.0688184813902183,0.10551720045848971,0.015015192738633339,-0.00727248567744404
8,19,-0.02830006828875662,0.07234057837562334,-0.04642508926111517,-0.006092917819064894,0.06412206201552875,0.10946783303660643,0.011715231364428482,-0.007432717761918193
8,20,-0.02501652139116345,0.07042750473414351,-0.04449003575737933,-0.0065241624096894265,0.05945489711131611,0.11169504816092884,0.008342216833832749,-0.007528891961325171
8,21,-0.021623309356124634,0.06782906569463254,-0.043007298471817404,-0.00646793524808328,0.05483351138881448,0.11219442579800226,0.004923450895413117,-0.007567109441840195
8,22,-0.01810759309583133,0.06461864202213208,-0.042021515221284896,-0.005925896556867873,0.05026742728089879,0.11099366166257761,0.0014868570000603869,-0.00755534670696028
8,23,-0.014459026761539574,0.06088471459127647,-0.04156543452129507,-0.004910205200338871,0.045759632467538364,0.10815085231817373,-0.0019389842130203803,-0.007503125912706103
8,24,-0.010670105653377445,0.0567288093428558,-0.04165862524892469,-0.003443506863462568,0.041306984367306857,0.10375227550257211,-0.0053250275530000255,-0.007421137852785436
8,25,-0.006736453313553274,0.05226309497069973,-0.042306514204424446,-0.001558624540361023,0.03690080301446992,0.09790946103298041,-0.008641998126724374,-0.007320820668457081
8,26,-0.0026572754237138897,0.0476079930438064,-0.04349970048653065,0.0007018962286129563,0.03252787488675009,0.09075610590422517,-0.011860485487414994,-0.007213916837673831
8,27,0.0015647161980882158,0.04288908178581605,-0.045213699278774555,0.0032867157331956456,0.028171072691494572,0.08244386688652101,-0.014951475208894893,-0.007112005055766479
8,28,0.005923007990187922,0.038234403850146745,-0.04740897984405125,0.006136645272325591,0.02381057433429521,0.0731384898258058,-0.01788655020436075,-0.007026046091812548
8,29,0.010407302037270727,0.0337714802138543,-0.05003140025027316,0.00918590067674424,0.01942487857618737,0.06301540561206583,-0.020638338379569406,-0.00696594053363483
8,30,0.015003581138778616,0.029624408502998436,-0.05301300319216,0.012363511335778664,0.014991886062527437,0.05225527883801121,-0.023180968690893478,-0.006940120057616539
8,31,0.019694322840025723,0.025911027401739443,-0.05627320317271407,0.015594905487566677,0.010489904511996726,0.04103943109432085,-0.025490590721688133,-0.006955185563507887
9,1,0.024458534246286405,0.022740462117116684,-0.05972011048114893,0.018803406598083428,0.005898856476576661,0.029546038116274313,-0.02754579090363764,-0.00701560276391698
9,2,0.02927242147099185,0.02021048003348481,-0.06325253625352842,0.021912161317536566,0.001200874041849498,0.017945245709143687,-0.029328284732361775,-0.007123469844520013
9,3,0.034109601998951904,0.018405576543213842,-0.0667618805313032,0.024845702897816256,-0.0036187082287513573,0.006395907694906795,-0.030823332372383563,-0.007278362674570593
9,4,0.038941663930024746,0.017395176106896462,-0.07013441844458503,0.0275316674403748,-0.008570764554556007,-0.004957904984930945,-0.032020267136310766,-0.007477265071519219
9,5,0.04373873815863255,0.01723225574499904,-0.07325371062721639,0.02990239423354892,-0.013661901896056386,-0.015989774803008703,-0.03291295075292061,-0.007714587796826939
9,6,0.04847017914592892,0.017952385881598854,-0.0760031459707511,0.031896425695104536,-0.01889422258515345,-0.02659337058000105,-0.033500168282075415,-0.007982280339738792
9,7,0.053105013581641596,0.01957313398492399,-0.0782683744803244,0.0334597385455089,-0.024264965991914834,-0.036683668430323405,-0.0337859092906132,-0.008270014306308419
9,8,0.057612960963378805,0.022093986404519178,-0.0799400360178138,0.034547007341541994,-0.029766941580865448,-0.0461987563709694,-0.03377960982909345,-0.00856548119873563
9,9,0.061964913559567514,0.02549661654295326,-0.08091608055427646,0.03512240701267342,-0.03538853699168616,-0.05509974996940022,-0.03349620342097901,-0.008854734697300214
9,10,0.06613368284618844,0.029745580775677814,-0.08110411186747393,0.03516029070075866,-0.04111419299507625,-0.06337067722421516,-0.032956078496654544,-0.009122613518500855
9,11,0.0700947092717603,0.034789448838309436,-0.0804234821156071,0.034645569305278213,-0.04692503573241192,-0.07101768924533496,-0.03218487481041026,-0.009353217060042667
9,12,0.07382650361275338,0.04056196770593499,-0.07880718591018801,0.03357385773168978,-0.05279929861257836,-0.07806724146752017,-0.03121318085717229,-0.009530407715738081
9,13,0.07731148517935466,0.046984114513745096,-0.0762033642875873,0.03195128106745668,-0.05871351862291768,-0.08456460433497187,-0.030075990638705113,-0.00963836361028007
9,14,0.0805362844488423,0.05396581802623713,-0.07257653264533404,0.029794065770516725,-0.06464313243315395,-0.09057100097967295,-0.028812104169232734,-0.009662111135669149
9,15,0.08349219090070385,0.061408148198301094,-0.06790841146321067,0.027127856624260198,-0.07056344748164194,-0.09616079289862532,-0.027463352877549148,-0.009588062164190099
9,16,0.0861754544392545,0.06920558246163809,-0.062198363391716464,0.023986802984277432,-0.07645055395387758,-0.10141825595847555,-0.026073713291552975,-0.00940452184235377
9,17,0.08858750458177066,0.07724843625590357,-0.0554633379749598,0.02041239515694087,-0.08228227909034332,-0.10643419046493437,-0.024688305164534012,-0.009102149243773876
9,18,0.09073491964066355,0.08542483435464852,-0.04773781306012592,0.01645234170982221,-0.0880387493472894,-0.11130212197453698,-0.023352393927998292,-0.008674379291432879
9,19,0.09262955241964214,0.09362356887638512,-0.03907254232352795,0.012158891848052394,-0.09370354185682682,-0.1161150564015561,-0.022110184466926225,-0.00811773624866072
9,20,0.09428825379780806,0.10173592266404181,-0.029533687248834345,0.007587473498842361,-0.09926404933977884,-0.12096173538474805,-0.02100376014970476,-0.007432096471411031
9,21,0.0957326222501297,0.10965780103358762,-0.01920122186783989,0.0027950812819179933,-0.1047120509343103,-0.1259233630862844,-0.020071957975774764,-0.006620842177585791
9,22,0.09698862415716682,0.11729165937531666,-0.00816696061835015,-0.0021613597543897103,-0.11004412642527199,-0.13107060568650375,-0.01934930455825918,-0.005690906005854987
9,23,0.09808603916631708,0.12454775864341398,0.003467035551218857,-0.007226301057595541,-0.1152616024440725,-0.13646064506431937,-0.018865076791241414,-0.004652766810120356
9,24,0.09905795290384624,0.1313460368620215,0.015591558714797261,-0.01234736998036985,-0.12037094589253489,-0.14213525800918886,-0.018642401394158174,-0.003520230735272541
9,25,0.09994002085632958,0.13761680541297272,0.028092243248750273,-0.017476471196910804,-0.12538337065293398,-0.14811879456672442,-0.018697593789027207,-0.0023102153985511023
9,26,0.1007697404293623,0.14330159509183604,0.040852281069203016,-0.02257101051867277,-0.13031459116596597,-0.15441698764004633,-0.019039631980896397,-0.0010423841382053078
9,27,0.10158565688732715,0.14835361067622826,0.053755046715866416,-0.027594867437119527,-0.13518436082099672,-0.16101627431652787,-0.0196698451887692,0.0002612994478619909
9,28,0.10242654684575737,0.1527379363191232,0.06668683959546828,-0.032519202421381344,-0.14001592906924565,-0.16788378437755874,-0.020581838594682093,0.0015771108804449212
9,29,0.10333053914459397,0.15643121676803529,0.07953878112805945,-0.03732273953644358,-0.14483510310324327,-0.17496751339564257,-0.021761597098777175,0.0028800930693553247
9,30,0.10433433848086614,0.1594215769413741,0.09221005067429218,-0.041992362977303,-0.14966977497121942,-0.1821978647391593,-0.023187940634120725,0.0041447868598726584
10,1,0.10547237857362556,0.1617077920120541,0.10460940526911916,-0.04652288175216439,-0.15454882505328577,-0.18948893755892154,-0.02483311782677878,0.005345840827711893
10,2,0.10677606706013598,0.16329852211795418,0.11665717861381009,-0.05091682287274381,-0.1595012694146559,-0.19674070018006515,-0.026663679421528447,0.006458710794868577
10,3,0.10827308282532813,0.1642113285738104,0.12828681528525496,-0.05518391818995647,-0.16455534571037767,-0.2038415181222889,-0.028641557670067017,0.00746033833066684
10,4,0.10998677277255522,0.1644715655199421,0.13944617885161611,-0.05934040687214237,-0.16973768495178682,-0.21067112036632085,-0.030725360824800305,0.008329813246532545
10,5,0.1119355384304893,0.16411118535794678,0.1500978427782574,-0.06340789125717645,-0.17507223586162937,-0.21710345600966663,-0.0328717045387452,0.009048943968520998
10,6,0.11413252799587341,0.1631675251454597,0.16022026890544333,-0.06741249332004164,-0.1805798717575495,-0.22301053239452184,-0.03503690779316576,0.009602865101375313
10,7,0.11658524807188278,0.161682055692121,0.16980728251363056,-0.07138338640227954,-0.18627750701293438,-0.22826555541360702,-0.037178525933427804,0.00998046368082711
10,8,0.11929539218986397,0.1596991938102155,0.17886779838563302,-0.07535146481857644,-0.1921776381913813,-0.23274647506701904,-0.03925703372667126,0.01017476523357453
10,9,0.12225881234053115,0.15726514866144345,0.18742512115286344,-0.07934794946461463,-0.19828804198139915,-0.23633939478581237,-0.04123748716707347,0.010183202941883901
10,10,0.1254654415926077,0.15442701755575083,0.19551539271821033,-0.08340274404349741,-0.20461127157717182,-0.2389416050097698,-0.043091000440236935,0.01000777535133507
10,11,0.12889968755607129,0.15123171915026248,0.20318668856554817,-0.08754328026526693,-0.21114502381353892,-0.2404647534143467,-0.04479632686869863,0.009655082548780563
10,12,0.13254060577696317,0.1477253475195858,0.21049682640122727,-0.09179297300380981,-0.2178819642529665,-0.2408372363617913,-0.04634103341282519,0.009136236226451912
10,13,0.13636235252354298,0.14395254729953738,0.2175114332851858,-0.09617001841429906,-0.22481005897909082,-0.24000639630003814,-0.04772256886314016,0.00846665115290059
10,14,0.140334706751636,0.13995607422190673,0.22430172083292726,-0.10068629751136299,-0.23191298355037174,-0.2379401957491307,-0.04894904236434893,0.007665717298310588
10,15,0.1444237292893927,0.1357764646686014,0.23094220573985846,-0.1053465202092061,-0.23917074779956257,-0.23462832490402785,-0.05003971078671825,0.006756350239360222
10,16,0.14859225838400356,0.13145210058346685,0.23750798008878016,-0.11014731193163735,-0.24656000931254818,-0.23008297159080743,-0.05102507285562702,0.005764496007384833
10,17,0.15280093890504845,0.1270189252910422,0.24407274153991207,-0.1150770783283778,-0.25405531579862434,-0.22433862741695093,-0.05194673379084938,0.004718442552848097
10,18,0.15700882011184517,0.12251076055988674,0.2507061145696803,-0.12011558573662254,-0.2616295694207092,-0.21745169724224908,-0.052856778470825296,0.0036481656024627057
10,19,0.16117421162133838,0.11795948072103515,0.2574714771873389,-0.12523407020135105,-0.2692549398119294,-0.20949938893422765,-0.05381684411524722,0.0025845713341262028
10,20,0.16525554411628982,0.113395251898167,0.26442396986570565,-0.13039561564764765,-0.276903783737647,-0.2005780065416334,-0.05489683733718001,0.001558705182948845
10,21,0.16921198229868384,0.10884707811548969,0.271608330095928,-0.1355554885102451,-0.2845490931763668,-0.19080130114574662,-0.05617325141629863,0.0006010078501517064
10,22,0.1730044789109525,0.10434283294847002,0.27905781028253046,-0.1406623122433274,-0.29216577079087414,-0.18029735824644333,-0.05772730442873551,-0.0002595375313051308
10,23,0.17659630722639275,0.09990980561154773,0.2867926122101791,-0.14565886425728633,-0.2997309349447408,-0.16920615893740257,-0.05964269361320439,-0.0009961069971074778
10,24,0.17995376942901908,0.09557494172744958,0.29481906733801383,-0.1504833638132338,-0.30722455767111323,-0.15767636692276743,-0.06200319702931431,-0.001584746097504682
10,25,0.18304678179039163,0.09136507132481063,0.3031291071875147,-0.15507085969176002,-0.3146298844967832,-0.14586202353047234,-0.0648901103627107,-0.002004997166342193
10,26,0.1858494039509772,0.08730700442991837,0.3117002154150858,-0.15935478674343392,-0.32193379256479177,-0.1339190027964719,-0.06837964015738184,-0.0022404398819861893
10,27,0.18834011590862876,0.08342775564543645,0.3204952627357733,-0.16326835991319028,-0.32912657199671747,-0.12200214764424674,-0.0725400675084429,-0.002279118132431
10,28,0.19050231453348038,0.07975418609072951,0.3294637121814386,-0.1667464974116459,-0.3362023897719339,-0.11026109851824575,-0.07742937788871912,-0.002113876554271739
10,29,0.19232437649713313,0.07631299680498746,0.33854219263432656,-0.16972723365424308,-0.3431587468624033,-0.0988376717551133,-0.08309262857591262,-0.001742542540181327
10,30,0.19379978219610977,0.07313036381904321,0.3476558950320482,-0.17215333219648882,-0.3499962058389472,-0.08786279371531845,-0.08955971275261236,-0.001167994795127339
10,31,0.19492710049051473,0.07023150629145591,0.3567201671892098,-0.1739737497701666,-0.35671789185041325,-0.07745389325150713,-0.09684336486078647,-0.00039809540220506776
11,1,0.1957098793911206,0.06764012332222723,0.3656424648866135,-0.17514497178307264,-0.3633289455664791,-0.06771257092417333,-0.10493760871945036,0.0005545213270593501
11,2,0.19615640252629524,0.06537788903169874,0.3743239957660678,-0.17563211646308471,-0.36983549429090407,-0.05872325824578742,-0.11381612745265242,0.0016727278619480873
11,3,0.19627944525035346,0.06346358676565395,0.3826625488124831,-0.17540996060047573,-0.3762443114225145,-0.05055123586841219,-0.12343203441705117,0.0029354126848021114
11,4,0.19609585975837657,0.06191250897666802,0.3905543843653561,-0.174463588100421,-0.3825616650975659,-0.043242295527377364,-0.13371721161892458,0.004317986713383642
11,5,0.19562614614003765,0.06073569249624453,0.3978966832143733,-0.1727888655559801,-0.38879253792163504,-0.036822345151569146,-0.14458262552423648,0.005793032890120553
11,6,0.19489394987445663,0.05993920093919534,0.4045899456800762,-0.17039260361444133,-0.394939860376515,-0.031297589941965735,-0.1559192255286925,0.007331037582528617
11,7,0.19392556687564563,0.05952350129784837,0.41053993898452906,-0.16729259954748107,-0.4010034435544974,-0.026655519433567195,-0.16759871825394093,0.008901086473573782
11,8,0.19274933465410865,0.059482839892709,0.41566028255738646,-0.16351712658277728,-0.4069797075119345,-0.02286573884798323,-0.17947618756997002,0.010471773348827557
11,9,0.19139509395982496,0.05980483283249382,0.4198740679651122,-0.15910443532684737,-0.4128608131681405,-0.019881879650883845,-0.19139190412655366,0.012011942723819946
11,10,0.18989361357425402,0.06047014996440403,0.42311565296360004,-0.15410188907924544,-0.41863429322207746,-0.017643551294897312,-0.2031742418447448,0.01349151069655543
11,11,0.18827603599196283,0.06145238100477414,0.425332109910121,-0.14856490681840404,-0.42428277588754226,-0.01607867440256847,-0.21464286891171033,0.01488223647874635
11,12,0.18657332846444083,0.06271810835079336,0.42648438567336355,-0.1425556482450319,-0.42978395284337617,-0.01510604635652386,-0.22561239847270395,0.016158455256505326
11,13,0.18481586959383775,0.06422710647428552,0.42654809467368054,-0.13614190348140784,-0.4351104244289499,-0.014638115859641093,-0.23589567309948561,0.017297667275213636
11,14,0.18303288182030575,0.06593290423218125,0.4255140994957666,-0.12939516901519993,-0.44023037765096223,-0.014583735140925673,-0.24530848883630066,0.01828118425662145
11,15,0.18125211223677984,0.06778341610221225,0.42338860508823484,-0.12238934533023238,-0.4451078212374056,-0.014851027753551205,-0.25367311904781475,0.019094521978186344
11,16,0.1794994725989907,0.06972184908903005,0.42019300105159557,-0.11519906791459907,-0.44970332889453823,-0.015350108566515168,-0.260822467009501,0.01972775294027476
11,17,0.17779875863160624,0.07168778968799729,0.4159633577222972,-0.10789812293849468,-0.45397488975260725,-0.015995657580928593,-0.2666039719734296,0.020175718833548142
11,18,0.17617141256454388,0.07361848503149036,0.41074954863866714,-0.10055783905678102,-0.4578789515790583,-0.01670926896916043,-0.27088334058289903,0.020438115084176173
11,19,0.1746364397177689,0.0754501578747975,0.40461440981469793,-0.09324600630847948,-0.46137136694634323,-0.017421459965964975,-0.2735477469328622,0.020519432033614934
11,20,0.1732101966693917,0.07711965685983739,0.39763203404738723,-0.0860250842277974,-0.4644088770857268,-0.01807341116497413,-0.2745091123146735,0.020428794862179047
11,21,0.1719064248985506,0.07856595339521455,0.38988644743765755,-0.07895143399814632,-0.4669501912336367,-0.0186182254094279,-0.27370638776264716,0.02017964748120347
11,22,0.1707362397013909,0.07973178108901889,0.38146983157521164,-0.07207432724765847,-0.4689573115356447,-0.01902179852639191,-0.2711075601560155,0.01978934026085285
11,23,0.1697081723939715,0.08056524343290117,0.37248056984663935,-0.06543518793830073,-0.47039679480617297,-0.019263235606342903,-0.2667109286702775,0.01927860486316979
11,24,0.16882830775244023,0.08102131504435894,0.36302174676705723,-0.05906745280756889,-0.47124086967729667,-0.019334802717820662,-0.26054601299472063,0.018670973444283742
11,25,0.16810033505355929,0.08106332442143738,0.3531985699922121,-0.05299591315553361,-0.47146860138107355,-0.01924145956100358,-0.25267324939041524,0.017992067082202304
11,26,0.1675257432325041,0.08066417675719775,0.3431168464367818,-0.04723707626269668,-0.47106673050150805,-0.018999938577472578,-0.24318348161609216,0.01726889201634245
11,27,0.16710396977628547,0.07980742966311807,0.3328810096125458,-0.04179937957064065,-0.4700304174802668,-0.018637452065798015,-0.23219654081400093,0.016529078075813275
11,28,0.1668325707967609,0.07848811608085245,0.3225923521884492,-0.03668371095249946,-0.4683637483110445,-0.018190052537909986,-0.219859201122315,0.015800113605864294
11,29,0.16670739214397415,0.07671326917725918,0.31234728253426014,-0.03188408289010691,-0.4660799663974537,-0.017700700551547974,-0.2063423480681074,0.015108585331814368
11,30,0.16672274084271424,0.07450225595995492,0.302236347065455,-0.02738876010073086,-0.463201585039373,-0.01721713941262554,-0.19183838019755117,0.01447949099667064
12,1,0.16687153438284297,0.07188657882876234,0.2923422674493178,-0.023180985915171433,-0.4597599553311012,-0.016789561016540003,-0.17655653206506972,0.013935525263751854
12,2,0.16714545251256654,0.06890954607822182,0.28273938749384914,-0.01924038135303314,-0.4557948164678985,-0.016468254186863106,-0.16071933912956632,0.013496518251904923
12,3,0.16753506299790222,0.0656255146211454,0.27349276046869453,-0.015544136669293919,-0.451353455294633,-0.016301227591493272,-0.14455802030548714,0.013178920439690421
12,4,0.16802993803363778,0.062098784110209714,0.26465749779371,-0.01206825573898389,-0.4464895758050679,-0.016331920468927102,-0.12830760856781429,0.012995395321070066
12,5,0.16861872196293934,0.058402392375591666,0.256278863645254,-0.008788990614363624,-0.4412622257665411,-0.0165970640351659,-0.11220291839115143,0.012954531510800704
12,6,0.1692892402870992,0.05461621906798474,0.24839158766759403,-0.005683828895860494,-0.43573395426697664,-0.017124774776594177,-0.09647263776410034,0.013060653426851693
12,7,0.17002853691412156,0.050825252970346776,0.24102042951157376,-0.0027327973720452786,-0.4299693664256074,-0.0179329382867442,-0.08133542978583444,0.01331377717293126
12,8,0.17082292595731213,0.047117458865642683,0.2341804304272207,8.056281511036479e-05,-0.4240332853606937,-0.019027936583033207,-0.0669953278334836,0.01370967565341719
12,9,0.17165802980384992,0.04358153520909705,0.2278774529207925,0.0027683360393448517,-0.41798889959186614,-0.02040376683218027,-0.053637660307491335,0.014240065658831267
12,10,0.17251882308159394,0.04030454360532811,0.22210881373428487,0.005337585037408502,-0.41189582455736234,-0.022041603976065194,-0.041425281072364185,0.014892915529423982
12,11,0.173389627137902,0.03736969176379458,0.21686436872888418,0.0077897627838476365,-0.40580855717273406,-0.02390970780627091,-0.030496012850333487,0.01565281546824176
12,12,0.17425421042829825,0.03485377086442397,0.21212703328988428,0.010120640984311024,-0.3997743200217675,-0.025963973707165897,-0.020959290236545174,0.016501514910164588
12,13,0.17509579987597684,0.03282507372954781,0.2078740398527506,0.012320169245725803,-0.3938317622585407,-0.028148739581076825,-0.012894893424039034,0.017418459948361595
12,14,0.17589715716993118,0.03134127700973878,0.20407788444910388,0.014372715061594939,-0.3880095110396782,-0.030398106119967388,-0.006351656485862677,0.018381423977956484
12,15,0.17664066470877077,0.030447582643898782,0.20070734369412585,0.016257497587739776,-0.3823250439638946,-0.03263762859498284,-0.0013470515601542062,0.019367170109888622
12,16,0.17730844160422968,0.030175135352423475,0.19772843090007108,0.017949250852975572,-0.3767837907928184,-0.03478637559851829,0.002132524575545221,0.020352143827896487
12,17,0.17788244767940914,0.03053977002589713,0.195105462774473,0.019418983878037338,-0.37137888014142084,-0.0367591511541854,0.004130567851535646,0.02131310762527604
12,18,0.17834469076668832,0.031541101501866786,0.19280170895886306,0.02063510040306831,-0.36609060026618195,-0.03846918544201356,0.00471897736436933,0.022227869020904838
12,19,0.17867738204814027,0.03316205328657411,0.19078029285790798,0.02156445434908,-0.36088687189330537,-0.03983071875895165,0.0039955047165003334,0.023075853871060144
12,20,0.1788631571568358,0.035368781534995716,0.18900480293138305,0.022173605957531522,-0.3557237739201129,-0.04076177853072281,0.0020808532442871536,0.0238386792541261
12,21,0.1788853114217277,0.03811107410060358,0.18743980305663985,0.022430118337965356,-0.3505464451404762,-0.04118691571335926,-0.0008848095404917038,0.024500648307794748
12,22,0.17872805606397596,0.041323015403649986,0.18605130457876956,0.022303864827682488,-0.34529064160463746,-0.04103982522653206,-0.004745556047465442,0.025049121411152103
12,23,0.17837678977292937,0.044924398006121524,0.1848069353304148,0.021768340127796847,-0.3398840261723852,-0.04026582850790281,-0.009334065142417655,0.02547486495417377
12,24,0.1778183737126589,0.04882221982981139,0.18367617067615974,0.020801872848823684,-0.33424834831035505,-0.038824038387064136,-0.014475847923953697,0.02577221607646029
12,25,0.17704141233028872,0.052912695511593805,0.1826303595761032,0.019388755684292304,-0.32830157339907334,-0.03668922605556638,-0.019993710160047362,0.02593917713679641
12,26,0.17603652668381328,0.05708355796887081,0.1816426712805825,0.01752022954466593,-0.3219602653365746,-0.033853284181909936,-0.025712152226029798,0.025977390083778612
12,27,0.17479659763638172,0.06121667165088232,0.18068794834576876,0.015195263944424341,-0.31514201965617455,-0.030326196247388984,-0.031461687709729735,0.025891999363620546
12,28,0.173317062053462,0.06519060982723358,0.17974254993920533,0.012421277228111073,-0.3077683652227158,-0.026136731602389173,-0.03708257335299324,0.025691417443758156
12,29,0.17159603177361354,0.06888384521037044,0.17878404114458749,0.009214357232340705,-0.2997668687874371,-0.021332205537854355,-0.0424288502943944,0.025386982771054535
12,30,0.1696345139127714,0.07217751825124798,0.17779096880582937,0.005599504462243818,-0.29107394350375515,-0.01597810794163333,-0.047371267887483304,0.02499254157791948
12,31,0.16743651702116283,0.07495843070025764,0.17674257936151508,0.0016104983219196612,-0.2816371241169345,-0.010157008660138547,-0.05180001635863275,0.024523955666612224
