Date,demand
2016-01-01,160314.292877
2016-01-02,172989.08384999997
2016-01-03,170082.83843099998
2016-01-04,192229.777034
2016-01-05,195402.659639
2016-01-06,193849.89004
2016-01-07,194305.13510900002
2016-01-08,195085.832505
2016-01-09,184749.838486
2016-01-10,169707.867603
2016-01-11,192979.725473
2016-01-12,193677.694781
2016-01-13,195414.072279
2016-01-14,197857.173012
2016-01-15,197412.65103799998
2016-01-16,191032.83929399998
2016-01-17,176978.646392
2016-01-18,200371.512118
2016-01-19,199618.273474
2016-01-20,195912.032549
2016-01-21,192908.14660300003
2016-01-22,198280.523152
2016-01-23,184238.776116
2016-01-24,168315.59136999998
2016-01-25,190233.632185
2016-01-26,190395.58103899998
2016-01-27,186174.261352
2016-01-28,187723.70044800002
2016-01-29,189400.491374
2016-01-30,183909.61359300002
2016-01-31,175606.81545400003
2016-02-01,194484.302646
2016-02-02,191773.34921
2016-02-03,190118.44737200002
2016-02-04,185115.145499
2016-02-05,192672.60891200003
2016-02-06,180934.699113
2016-02-07,165014.58013000002
2016-02-08,188097.961314
2016-02-09,197920.80639699998
2016-02-10,197614.903249
2016-02-11,198004.491858
2016-02-12,197221.728304
2016-02-13,186828.302546
2016-02-14,175308.02238900002
2016-02-15,202457.238712
2016-02-16,202266.80397100002
2016-02-17,199491.91116199997
2016-02-18,197724.35035499997
2016-02-19,195106.69497
2016-02-20,185886.08977599998
2016-02-21,177273.379366
2016-02-22,192498.855926
2016-02-23,185813.973856
2016-02-24,189655.689382
2016-02-25,194276.92363000003
2016-02-26,204556.59839399997
2016-02-27,187101.986378
2016-02-28,174620.257763
2016-02-29,194693.577766
2016-03-01,194847.542116
2016-03-02,194346.41416299998
2016-03-03,198531.646117
2016-03-04,200970.603206
2016-03-05,190586.983895
2016-03-06,175608.243868
2016-03-07,194433.74311599997
2016-03-08,200145.354317
2016-03-09,199155.559199
2016-03-10,193015.38892
2016-03-11,193214.73503
2016-03-12,188889.144634
2016-03-13,179901.897383
2016-03-14,190248.38453799998
2016-03-15,195131.649759
2016-03-16,199219.546761
2016-03-17,202969.39191399998
2016-03-18,203270.09546200003
2016-03-19,187365.647667
2016-03-20,174958.495304
2016-03-21,198825.884514
2016-03-22,196397.533613
2016-03-23,192549.92317999998
2016-03-24,190794.071678
2016-03-25,175591.576374
2016-03-26,172978.89675
2016-03-27,174770.20493300003
2016-03-28,195786.799016
2016-03-29,193273.913849
2016-03-30,196322.725741
2016-03-31,199285.72413
2016-04-01,188143.137884
2016-04-02,175719.48883999998
2016-04-03,156965.688
2016-04-04,175254.154171
2016-04-05,183896.898752
2016-04-06,185848.237567
2016-04-07,182989.717408
2016-04-08,180834.40588700003
2016-04-09,175375.498449
2016-04-10,166649.201394
2016-04-11,184971.38974999997
2016-04-12,189146.764747
2016-04-13,186812.688225
2016-04-14,188465.169277
2016-04-15,191629.366549
2016-04-16,174985.1243261
2016-04-17,165410.95899100002
2016-04-18,181701.22150700004
2016-04-19,186581.64614899998
2016-04-20,183919.034373
2016-04-21,182276.165616784
2016-04-22,191686.375970404
2016-04-23,181597.047082672
2016-04-24,171094.88059469202
2016-04-25,189545.273908052
2016-04-26,191344.680608776
2016-04-27,192102.187455468
2016-04-28,193353.44599672803
2016-04-29,193795.61863178798
2016-04-30,181339.153232584
2016-05-01,169325.55206416798
2016-05-02,188696.28927413997
2016-05-03,194474.27663356997
2016-05-04,192903.002411109
2016-05-05,193061.24341361198
2016-05-06,190859.23580274498
2016-05-07,181085.672818196
2016-05-08,169114.35841605102
2016-05-09,188466.415726532
2016-05-10,191925.20607403002
2016-05-11,190738.6512258955
2016-05-12,189412.5349220686
2016-05-13,186862.6430763269
2016-05-14,180976.39518329885
2016-05-15,163115.62716484332
2016-05-16,178540.055148491
2016-05-17,181240.49839983002
2016-05-18,184181.4155538162
2016-05-19,183473.77415425502
2016-05-20,182392.237332563
2016-05-21,169809.46150892798
2016-05-22,166068.44878570302
2016-05-23,186979.47019139098
2016-05-24,192402.23062473693
2016-05-25,183713.03223840392
2016-05-26,186358.98237115
2016-05-27,189314.45748999598
2016-05-28,179437.1446792723
2016-05-29,173357.601432611
2016-05-30,186406.19368806
2016-05-31,187051.53903859822
2016-06-01,191361.054889697
2016-06-02,191871.7632263378
2016-06-03,195642.27051876878
2016-06-04,179262.794046844
2016-06-05,177871.113474202
2016-06-06,187806.413992349
2016-06-07,189429.9312617498
2016-06-08,184029.316383305
2016-06-09,190623.20648837305
2016-06-10,187645.18971704092
2016-06-11,180442.2701795121
2016-06-12,167602.88757247617
2016-06-13,185435.695101949
2016-06-14,189339.69851224433
2016-06-15,187195.481090776
2016-06-16,185386.054574179
2016-06-17,187311.8963244629
2016-06-18,174390.24703206233
2016-06-19,166692.184858462
2016-06-20,184993.4527916272
2016-06-21,182556.001594426
2016-06-22,181233.02659639
2016-06-23,182020.220953569
2016-06-24,176751.916567073
2016-06-25,170539.99167853998
2016-06-26,159445.095496808
2016-06-27,166334.002779437
2016-06-28,178862.67275413498
2016-06-29,183358.49119416997
2016-06-30,191382.030315489
2016-07-01,182955.58631063698
2016-07-02,175774.48329273
2016-07-03,171570.101561621
2016-07-04,181571.48101327603
2016-07-05,180194.119158432
2016-07-06,176664.976824981
2016-07-07,176384.872854413
2016-07-08,178560.27665829402
2016-07-09,171701.2201329137
2016-07-10,168562.6772706263
2016-07-11,180025.507120079
2016-07-12,188166.44792978402
2016-07-13,178507.235671519
2016-07-14,180614.477486383
2016-07-15,188475.103348739
2016-07-16,168909.90229714202
2016-07-17,172276.574839513
2016-07-18,190179.50735872303
2016-07-19,191843.94310602802
2016-07-20,187514.29406537197
2016-07-21,186669.5000189636
2016-07-22,180076.306590077
2016-07-23,174545.098584916
2016-07-24,175854.713763521
2016-07-25,193680.51701621388
2016-07-26,195394.49623422022
2016-07-27,196707.98718282112
2016-07-28,199871.6982808577
2016-07-29,195539.90710295358
2016-07-30,184382.62727912853
2016-07-31,171830.10465758
2016-08-01,196812.87083944998
2016-08-02,193206.908257245
2016-08-03,188057.95525166648
2016-08-04,187040.88459942618
2016-08-05,193311.68219832916
2016-08-06,184568.95769900602
2016-08-07,176039.0185520239
2016-08-08,194812.96106954137
2016-08-09,192785.9145798763
2016-08-10,194295.01371645328
2016-08-11,193781.091201192
2016-08-12,195396.68874403767
2016-08-13,184140.09245464898
2016-08-14,164037.6987332073
2016-08-15,174722.1113619498
2016-08-16,187716.28701044878
2016-08-17,188016.87719764002
2016-08-18,190108.1383757036
2016-08-19,196143.8721012935
2016-08-20,185826.4745888064
2016-08-21,174124.0771688726
2016-08-22,192601.3241944551
2016-08-23,198968.97060040044
2016-08-24,196384.8640229106
2016-08-25,195639.3687456481
2016-08-26,196318.043043589
2016-08-27,189744.0522690391
2016-08-28,175201.56319685798
2016-08-29,192475.838141987
2016-08-30,193910.386915889
2016-08-31,194091.417829778
2016-09-01,192213.16023272
2016-09-02,193702.38894860703
2016-09-03,181999.68633711853
2016-09-04,168433.661933993
2016-09-05,189541.374007198
2016-09-06,193052.982733434
2016-09-07,190249.90287224602
2016-09-08,187012.99930773402
2016-09-09,186888.557164339
2016-09-10,175468.20079303402
2016-09-11,167354.906289102
2016-09-12,188088.7197450178
2016-09-13,193662.486402949
2016-09-14,192411.284588165
2016-09-15,190942.93928423402
2016-09-16,186480.84585237742
2016-09-17,175680.76996123727
2016-09-18,158973.20404245
2016-09-19,160640.11417739402
2016-09-20,183748.8407310704
2016-09-21,189091.65781841017
2016-09-22,187598.14062732662
2016-09-23,190457.83589688432
2016-09-24,178515.85700456236
2016-09-25,166325.10256432398
2016-09-26,185428.216172755
2016-09-27,188352.6910970637
2016-09-28,189454.6333471988
2016-09-29,188739.989138543
2016-09-30,188694.39626611822
2016-10-01,179676.4518325703
2016-10-02,170385.491548352
2016-10-03,190428.382579019
2016-10-04,191806.5846984846
2016-10-05,188779.41821240098
2016-10-06,189927.17823314905
2016-10-07,192125.37062423
2016-10-08,179650.91693517202
2016-10-09,163797.391653554
2016-10-10,170411.69488832
2016-10-11,195191.958613756
2016-10-12,191862.924178363
2016-10-13,193540.84381933298
2016-10-14,195316.98146515802
2016-10-15,181823.11927784028
2016-10-16,170639.391378046
2016-10-17,187170.4132308764
2016-10-18,185358.2070298273
2016-10-19,185735.865270512
2016-10-20,183603.6919506105
2016-10-21,182119.960490521
2016-10-22,169904.63247652337
2016-10-23,157769.28920161602
2016-10-24,180827.8990222844
2016-10-25,184438.68147672148
2016-10-26,188434.9742810852
2016-10-27,192804.97762077412
2016-10-28,190363.93852754898
2016-10-29,178929.558455045
2016-10-30,168523.28517113498
2016-10-31,170818.44640258403
2016-11-01,169620.50941120432
2016-11-02,191897.8935040847
2016-11-03,196086.38914843358
2016-11-04,200208.41631874102
2016-11-05,186896.795270155
2016-11-06,171526.23459605727
2016-11-07,198508.70147917897
2016-11-08,199159.84149755997
2016-11-09,194094.596362592
2016-11-10,200343.391665334
2016-11-11,198014.797631423
2016-11-12,186666.5604339529
2016-11-13,169837.71770898098
2016-11-14,197614.33268965094
2016-11-15,201814.11857003998
2016-11-16,198327.93427701606
2016-11-17,198945.013011339
2016-11-18,202832.41309662888
2016-11-19,189899.57537161896
2016-11-20,174900.85036392428
2016-11-21,197043.14254702657
2016-11-22,198537.5863965791
2016-11-23,195780.8756224733
2016-11-24,198407.61186966198
2016-11-25,199123.4490501192
2016-11-26,185900.25160131033
2016-11-27,171541.3178713673
2016-11-28,194583.80442670838
2016-11-29,200647.11591878376
2016-11-30,198368.30500683372
2016-12-01,195858.30511718267
2016-12-02,202103.0968544686
2016-12-03,190669.6841788003
2016-12-04,174071.17885895018
2016-12-05,194917.69537223224
2016-12-06,196072.14059868897
2016-12-07,181248.95187806722
2016-12-08,181928.32267277042
2016-12-09,189389.975722646
2016-12-10,181322.2879181763
2016-12-11,171544.7971676292
2016-12-12,198349.678729746
2016-12-13,202584.9743705113
2016-12-14,201954.4727142688
2016-12-15,201853.08959394696
2016-12-16,198935.73694062748
2016-12-17,188023.9392212552
2016-12-18,176117.1765665143
2016-12-19,202454.87556103687
2016-12-20,199036.69649337966
2016-12-21,195072.83763492884
2016-12-22,197818.33770553482
2016-12-23,199476.22454859054
2016-12-24,183973.526644631
2016-12-25,164352.865077423
2016-12-26,186321.67731169282
2016-12-27,197881.3431971424
2016-12-28,202291.71789707706
2016-12-29,198862.49361888226
2016-12-30,196560.19996200458
2016-12-31,178715.31529583473
2017-01-01,194050.593057539
2017-01-02,174235.517641084
2017-01-03,197419.24648325113
2017-01-04,199122.4782292917
2017-01-05,202817.03845672111
2017-01-06,201319.01739744315
2017-01-07,189057.53169819503
2017-01-08,176284.75690597
2017-01-09,193762.050908787
2017-01-10,200248.322619084
2017-01-11,203612.064850898
2017-01-12,202579.98030182597
2017-01-13,202974.509501414
2017-01-14,188316.37236388001
2017-01-15,173670.749682339
2017-01-16,198309.19192825112
2017-01-17,199254.999170157
2017-01-18,198449.319712818
2017-01-19,200921.80922398
2017-01-20,205757.55891682603
2017-01-21,190072.25789459498
2017-01-22,174508.29674191203
2017-01-23,196876.147640937
2017-01-24,206901.469361506
2017-01-25,207626.620639323
2017-01-26,205065.09263974402
2017-01-27,205545.39026030002
2017-01-28,196492.601209024
2017-01-29,186461.48443082802
2017-01-30,207669.41366592998
2017-01-31,210049.232635668
2017-02-01,206369.17439905903
2017-02-02,204803.91627375202
2017-02-03,204375.804418465
2017-02-04,188358.91264070797
2017-02-05,179822.474088309
2017-02-06,200573.19264803902
2017-02-07,200616.295885178
2017-02-08,194456.8457597
2017-02-09,197571.229473786
2017-02-10,195904.08005477698
2017-02-11,183213.73232421
2017-02-12,170658.33752674397
2017-02-13,192523.935217809
2017-02-14,194706.712359166
2017-02-15,191388.95572905798
2017-02-16,197018.508319784
2017-02-17,195791.89337673498
2017-02-18,181749.4204029175
2017-02-19,171957.98966137832
2017-02-20,195112.9367735702
2017-02-21,204319.8799271134
2017-02-22,206329.11187952
2017-02-23,203698.806151447
2017-02-24,205533.29859927043
2017-02-25,193016.05008430444
2017-02-26,178531.54683221446
2017-02-27,200916.339510818
2017-02-28,205448.86223502608
2017-03-01,199009.4664249323
2017-03-02,199110.2097067972
2017-03-03,197121.92392704502
2017-03-04,175371.479295928
2017-03-05,164659.6754049405
2017-03-06,185417.024067964
2017-03-07,185677.99652258403
2017-03-08,184736.171412462
2017-03-09,185043.703927759
2017-03-10,189708.38930430263
2017-03-11,178393.59829403882
2017-03-12,167544.9475054107
2017-03-13,189705.7153882674
2017-03-14,193456.961610703
2017-03-15,191416.87423024842
2017-03-16,190958.00084626206
2017-03-17,192661.5357273982
2017-03-18,183520.62108047726
2017-03-19,171364.1834146976
2017-03-20,190373.4061969216
2017-03-21,193140.21161858644
2017-03-22,192706.278752062
2017-03-23,191745.528026299
2017-03-24,191291.61106621433
2017-03-25,184517.75524186302
2017-03-26,170280.54871418801
2017-03-27,192189.964687486
2017-03-28,195529.220799307
2017-03-29,194341.352825517
2017-03-30,192534.349976105
2017-03-31,191720.851457059
2017-04-01,176894.904515381
2017-04-02,168274.539110848
2017-04-03,189408.812909664
2017-04-04,185701.825779128
2017-04-05,182667.145522594
2017-04-06,185288.686543613
2017-04-07,189638.6063302936
2017-04-08,181421.67187687702
2017-04-09,170186.327512221
2017-04-10,188330.715808452
2017-04-11,189533.4630112417
2017-04-12,183862.7936063
2017-04-13,181075.180681651
2017-04-14,167046.99531848
2017-04-15,169670.6995747056
2017-04-16,170828.262180308
2017-04-17,193270.999450279
2017-04-18,192103.498738885
2017-04-19,169600.937531431
2017-04-20,192085.174219753
2017-04-21,195562.007653474
2017-04-22,189907.540829535
2017-04-23,176817.850896495
2017-04-24,194943.13422330498
2017-04-25,195787.772945466
2017-04-26,195883.756833943
2017-04-27,197013.9807732664
2017-04-28,199823.64932958057
2017-04-29,188881.5613876915
2017-04-30,172802.76621106712
2017-05-01,171161.152583916
2017-05-02,193545.76760545047
2017-05-03,197626.64284866
2017-05-04,199926.4007331903
2017-05-05,199257.8744509389
2017-05-06,191671.528059778
2017-05-07,180079.43490409502
2017-05-08,190045.979372276
2017-05-09,195216.85492229142
2017-05-10,197274.601191032
2017-05-11,199542.03646352244
2017-05-12,195390.11625992507
2017-05-13,187663.598428788
2017-05-14,171356.328408232
2017-05-15,192278.162832906
2017-05-16,195068.485192145
2017-05-17,196455.54323131748
2017-05-18,200713.428046291
2017-05-19,200485.97748531593
2017-05-20,190853.147577285
2017-05-21,180445.8289837527
2017-05-22,196923.15177296998
2017-05-23,199960.32639144297
2017-05-24,199780.371841371
2017-05-25,201548.5940575604
2017-05-26,196992.22667188256
2017-05-27,183862.944752846
2017-05-28,176035.9065690443
2017-05-29,197276.198927716
2017-05-30,197549.446000226
2017-05-31,197067.567867289
2017-06-01,197225.644049768
2017-06-02,189904.34177335398
2017-06-03,176702.24571044598
2017-06-04,174643.73038522102
2017-06-05,186433.9789401178
2017-06-06,182985.611368059
2017-06-07,177069.68891730503
2017-06-08,174747.43293751
2017-06-09,172650.581616184
2017-06-10,171996.430170261
2017-06-11,168282.397115635
2017-06-12,185007.862672195
2017-06-13,186711.04107815298
2017-06-14,188793.02529513402
2017-06-15,188610.974533456
2017-06-16,188952.52954860672
2017-06-17,188378.64268674602
2017-06-18,181591.01137661998
2017-06-19,189399.167762427
2017-06-20,188176.327925522
2017-06-21,201843.22148474804
2017-06-22,206654.55433631223
2017-06-23,201690.25530215498
2017-06-24,194309.101860456
2017-06-25,182480.185409721
2017-06-26,184351.944128288
2017-06-27,201012.102104779
2017-06-28,201758.33152790501
2017-06-29,204070.26398876397
2017-06-30,203671.19899882202
2017-07-01,186933.540564531
2017-07-02,176422.59253010197
2017-07-03,199926.726104428
2017-07-04,202349.16656721302
2017-07-05,200172.095687843
2017-07-06,198755.25527145102
2017-07-07,203116.212501345
2017-07-08,194120.416181801
2017-07-09,182580.96843310498
2017-07-10,203266.48410128301
2017-07-11,202496.49712724102
2017-07-12,199451.51842594997
2017-07-13,201661.70347318638
2017-07-14,206747.47660543313
2017-07-15,190688.1895763431
2017-07-16,185115.2892931161
2017-07-17,206206.57453794012
2017-07-18,203143.548033699
2017-07-19,197192.089583977
2017-07-20,196583.09330190555
2017-07-21,197951.78290348145
2017-07-22,192279.7950304991
2017-07-23,179923.7507432515
2017-07-24,197474.7152128274
2017-07-25,200356.795374565
2017-07-26,198856.2338824859
2017-07-27,196034.30282191973
2017-07-28,198691.2777140108
2017-07-29,191656.117032846
2017-07-30,181646.528254042
2017-07-31,203901.466654469
2017-08-01,209604.191518598
2017-08-02,200946.887273749
2017-08-03,187614.7478285111
2017-08-04,197634.21951054898
2017-08-05,191826.32375382003
2017-08-06,181418.27180080698
2017-08-07,195737.66837750698
2017-08-08,195289.321556915
2017-08-09,203396.17728393906
2017-08-10,209023.76423508002
2017-08-11,211263.04113289958
2017-08-12,196443.0412122944
2017-08-13,176053.3142223439
2017-08-14,195861.1735136874
2017-08-15,181535.71176579458
2017-08-16,195102.1721733176
2017-08-17,198196.49047959218
2017-08-18,205111.308575937
2017-08-19,192337.6890788647
2017-08-20,180561.87774788303
2017-08-21,201002.343777152
2017-08-22,201290.36889324497
2017-08-23,201686.8645952599
2017-08-24,199942.307282508
2017-08-25,202154.736460206
2017-08-26,191833.23657709698
2017-08-27,180716.184867543
2017-08-28,204962.894198283
2017-08-29,205656.57535728
2017-08-30,205514.581332906
2017-08-31,198511.498080848
2017-09-01,198690.22680254062
2017-09-02,184191.54011844003
2017-09-03,176701.53770007504
2017-09-04,195771.132455585
2017-09-05,198327.40096991402
2017-09-06,195757.638133595
2017-09-07,195745.150491726
2017-09-08,199006.0342013723
2017-09-09,191180.82204928802
2017-09-10,182826.571445495
2017-09-11,205297.66848326402
2017-09-12,200835.68240273203
2017-09-13,197725.52187535
2017-09-14,202372.851730886
2017-09-15,195975.322325694
2017-09-16,182286.22737353898
2017-09-17,172226.28496694
2017-09-18,168007.102278038
2017-09-19,171563.849775617
2017-09-20,191699.913174045
2017-09-21,199450.65169176826
2017-09-22,196609.94903526985
2017-09-23,187719.39928648918
2017-09-24,179427.56255312602
2017-09-25,196980.3711585485
2017-09-26,196074.8662506395
2017-09-27,193584.2285883017
2017-09-28,194837.6484734469
2017-09-29,194366.8667408017
2017-09-30,186299.72652421924
2017-10-01,173454.62799019698
2017-10-02,196077.980826671
2017-10-03,195167.760948726
2017-10-04,191067.829216777
2017-10-05,193698.915646146
2017-10-06,197284.450931643
2017-10-07,186266.082775354
2017-10-08,172222.251295595
2017-10-09,174781.917104137
2017-10-10,196061.45221761
2017-10-11,193805.359056601
2017-10-12,192297.02828021484
2017-10-13,195979.24354731163
2017-10-14,183668.72397299387
2017-10-15,173800.54785218454
2017-10-16,193659.4484836729
2017-10-17,191656.3186111872
2017-10-18,188605.12520121498
2017-10-19,196893.23871118
2017-10-20,195992.749973729
2017-10-21,181782.2480806385
2017-10-22,172054.83434601547
2017-10-23,197257.4647791072
2017-10-24,198260.2848755352
2017-10-25,194962.74478541792
2017-10-26,196486.9843987004
2017-10-27,174768.86156590318
2017-10-28,177732.63880705502
2017-10-29,174114.414917865
2017-10-30,196694.09726709797
2017-10-31,198855.75205765702
2017-11-01,179812.072649804
2017-11-02,197056.08134910502
2017-11-03,196911.14754133098
2017-11-04,181605.7059528742
2017-11-05,170960.02034150902
2017-11-06,197307.065107207
2017-11-07,192673.36529873
2017-11-08,192790.79808941303
2017-11-09,200265.588475799
2017-11-10,201560.458740081
2017-11-11,193260.393593521
2017-11-12,182634.17884642398
2017-11-13,204752.2374665507
2017-11-14,200455.310310152
2017-11-15,196098.107000777
2017-11-16,201599.77277057717
2017-11-17,205408.70394347602
2017-11-18,192802.08955566637
2017-11-19,178852.42662288493
2017-11-20,202620.66385238201
2017-11-21,201444.7659830589
2017-11-22,209141.53617505645
2017-11-23,208267.2980088034
2017-11-24,210786.11822577397
2017-11-25,186168.70261641484
2017-11-26,187375.8031874169
2017-11-27,208343.8844190086
2017-11-28,207381.8438265642
2017-11-29,205493.52968818112
2017-11-30,206646.53053964843
2017-12-01,206768.9885381423
2017-12-02,193940.10257693002
2017-12-03,187398.839973047
2017-12-04,209527.723186219
2017-12-05,205905.3527302721
2017-12-06,198160.7885529227
2017-12-07,198680.9990927101
2017-12-08,182819.81317751104
2017-12-09,185887.88393636682
2017-12-10,180141.4144841793
2017-12-11,199586.874161141
2017-12-12,200488.06713423
2017-12-13,197012.937355699
2017-12-14,209314.11262691166
2017-12-15,215920.43188515396
2017-12-16,200087.53284786877
2017-12-17,182805.13075006814
2017-12-18,209547.40951557006
2017-12-19,217095.1609081315
2017-12-20,210170.51831211583
2017-12-21,214688.6758225463
2017-12-22,213832.73294146394
2017-12-23,199877.137030818
2017-12-24,187088.41300454698
2017-12-25,172628.129468992
2017-12-26,209248.84707381402
2017-12-27,211721.832138125
2017-12-28,217691.84680311743
2017-12-29,216318.87806535253
2017-12-30,202069.323135149
2017-12-31,186003.89038798702
2018-01-01,173286.464458224
2018-01-02,205657.972716221
2018-01-03,212705.33481811482
2018-01-04,212389.812514665
2018-01-05,212533.8756646887
2018-01-06,202807.123540339
2018-01-07,190906.8519933554
2018-01-08,209175.171105834
2018-01-09,209750.84266274498
2018-01-10,206770.264475666
2018-01-11,206455.950247794
2018-01-12,206590.577694442
2018-01-13,191532.635608684
2018-01-14,185307.340389751
2018-01-15,204171.8568557238
2018-01-16,200028.790821354
2018-01-17,208247.480020465
2018-01-18,209263.08772147802
2018-01-19,205158.6596935257
2018-01-20,199574.976596264
2018-01-21,182103.57144694103
2018-01-22,208927.076987979
2018-01-23,212766.730165576
2018-01-24,186118.009908454
2018-01-25,211331.380887187
2018-01-26,208814.454246819
2018-01-27,198319.532520069
2018-01-28,185517.767631151
2018-01-29,210832.599629706
2018-01-30,212558.151098395
2018-01-31,187551.07294907898
2018-02-01,191050.081506225
2018-02-02,214071.141678489
2018-02-03,198275.511390604
2018-02-04,184346.470201578
2018-02-05,207682.788042638
2018-02-06,206564.373499733
2018-02-07,209628.850274302
2018-02-08,210363.666513991
2018-02-09,207678.479403009
2018-02-10,198321.95716747397
2018-02-11,185305.92277129102
2018-02-12,210302.556127575
2018-02-13,214270.105816759
2018-02-14,208860.567810966
2018-02-15,207348.55531939102
2018-02-16,209800.981372767
2018-02-17,199624.86712541772
2018-02-18,186505.5308258574
2018-02-19,208931.65025959173
2018-02-20,215912.2688487535
2018-02-21,217607.1967474055
2018-02-22,215732.4386987706
2018-02-23,216548.27316956554
2018-02-24,198443.71529835905
2018-02-25,184620.84203771502
2018-02-26,210889.3202661852
2018-02-27,213295.46285265
2018-02-28,211414.644627369
2018-03-01,207258.3844226196
2018-03-02,208920.7235547724
2018-03-03,194885.123516757
2018-03-04,180713.137756258
2018-03-05,205905.628080015
2018-03-06,211505.23327246602
2018-03-07,199146.567177552
2018-03-08,205174.43290855997
2018-03-09,207982.236273447
2018-03-10,197260.47823860502
2018-03-11,183883.7768448432
2018-03-12,207573.2715472937
2018-03-13,207447.3127849187
2018-03-14,203302.6113785837
2018-03-15,207986.08039892258
2018-03-16,209429.9695322641
2018-03-17,196422.756571493
2018-03-18,183288.5719003263
2018-03-19,204918.58484073752
2018-03-20,211379.09195716004
2018-03-21,207141.01414965763
2018-03-22,210065.82789828902
2018-03-23,208977.87500127158
2018-03-24,201621.23290263803
2018-03-25,188951.717804099
2018-03-26,211813.412371714
2018-03-27,214898.43875536
2018-03-28,214074.637147983
2018-03-29,210715.28363386902
2018-03-30,182321.456978995
2018-03-31,177787.45178067702
2018-04-01,173293.932234688
2018-04-02,194431.278168066
2018-04-03,197157.20226573397
2018-04-04,198498.78567920098
2018-04-05,197358.254622909
2018-04-06,196872.983153718
2018-04-07,190181.085305894
2018-04-08,177208.1169047299
2018-04-09,197496.7451498871
2018-04-10,199589.86642780981
2018-04-11,195533.77179347698
2018-04-12,195341.29261313129
2018-04-13,198551.98894450642
2018-04-14,188878.37561740156
2018-04-15,177217.9988721056
2018-04-16,196976.9345142017
2018-04-17,199527.27617981547
2018-04-18,200061.43706004982
2018-04-19,201599.5782484926
2018-04-20,203942.6165275107
2018-04-21,192973.5521702015
2018-04-22,180064.7433496782
2018-04-23,198321.0179827116
2018-04-24,200375.7686304944
2018-04-25,199092.2062230965
2018-04-26,200921.2440537701
2018-04-27,203548.68801022478
2018-04-28,196443.1625407191
2018-04-29,178577.57626913371
2018-04-30,193594.19534853712
2018-05-01,178275.4876723949
2018-05-02,198958.12877268257
2018-05-03,202439.52679476154
2018-05-04,203294.3763047864
2018-05-05,191575.3126311753
2018-05-06,180281.35095299152
2018-05-07,200654.5769991691
2018-05-08,200317.8675378775
2018-05-09,200714.1198608469
2018-05-10,201898.50724282878
2018-05-11,199791.7821373154
2018-05-12,201253.42598310087
2018-05-13,184285.4524241354
2018-05-14,204640.627691978
2018-05-15,207055.894268435
2018-05-16,203597.7167484395
2018-05-17,205894.5354015944
2018-05-18,206756.84361881678
2018-05-19,196124.34587970792
2018-05-20,183460.1026494019
2018-05-21,188237.9575178834
2018-05-22,203364.4169437912
2018-05-23,203147.70322540723
2018-05-24,203079.92024286432
2018-05-25,207381.9742974782
2018-05-26,203143.6863403067
2018-05-27,189310.39929378478
2018-05-28,209278.5716305006
2018-05-29,209913.69101470278
2018-05-30,209263.2558219114
2018-05-31,210338.9901170624
2018-06-01,213434.001001577
2018-06-02,202090.5807889029
2018-06-03,193458.6086386362
2018-06-04,215418.2742907214
2018-06-05,213916.0231573655
2018-06-06,206266.62701688142
2018-06-07,207655.9361744576
2018-06-08,207724.1639916604
2018-06-09,200812.27579560032
2018-06-10,193673.29199564742
2018-06-11,214611.71504322262
2018-06-12,215796.339447462
2018-06-13,214174.52716856444
2018-06-14,209936.66308703442
2018-06-15,208899.46727811728
2018-06-16,194575.6021708206
2018-06-17,183232.2951386798
2018-06-18,203682.6866780992
2018-06-19,208724.48097044238
2018-06-20,210119.0740626502
2018-06-21,211217.12760133453
2018-06-22,212540.0164038446
2018-06-23,208515.04552079272
2018-06-24,196452.601586777
2018-06-25,219538.0576540333
2018-06-26,221077.5112538838
2018-06-27,210579.77386483163
2018-06-28,216458.69771677512
2018-06-29,212627.5617139303
2018-06-30,204611.01588592603
2018-07-01,192432.06278526632
2018-07-02,193876.9769713139
2018-07-03,213740.92816076122
2018-07-04,215280.6996848694
2018-07-05,217230.68596222138
2018-07-06,213221.96490095803
2018-07-07,200584.4500787799
2018-07-08,187085.33162017888
2018-07-09,208775.995147323
2018-07-10,216435.99047561068
2018-07-11,210083.92479097762
2018-07-12,207924.8996572088
2018-07-13,202648.1119474085
2018-07-14,196832.6218242821
2018-07-15,188232.5160167235
2018-07-16,190384.464866726
2018-07-17,213555.5436567393
2018-07-18,215980.6439260421
2018-07-19,213374.9074195488
2018-07-20,211454.004531182
2018-07-21,205185.01913581372
2018-07-22,191304.2382921201
2018-07-23,215717.5048877578
2018-07-24,214240.1821480084
2018-07-25,214556.8095263562
2018-07-26,214371.69522854572
2018-07-27,217983.2542430105
2018-07-28,204280.0609539146
2018-07-29,190684.4238645576
2018-07-30,209574.5089524444
2018-07-31,207067.17792185862
2018-08-01,198983.7298278737
2018-08-02,199731.1171218314
2018-08-03,203612.2372306778
2018-08-04,200709.7814351966
2018-08-05,187947.8941851399
2018-08-06,212703.49633146622
2018-08-07,210134.81809411023
2018-08-08,203986.8993625451
2018-08-09,204714.0793127602
2018-08-10,203603.48217827769
2018-08-11,196717.8863432899
2018-08-12,176795.6605055553
2018-08-13,206932.8548940718
2018-08-14,207556.8442124838
2018-08-15,179017.2957436523
2018-08-16,198092.4815921933
2018-08-17,199903.19089897553
2018-08-18,190339.07032008946
2018-08-19,179110.1554451731
2018-08-20,199955.88541277318
2018-08-21,196772.33134577604
2018-08-22,209905.5887939214
2018-08-23,211303.15625704022
2018-08-24,208012.7277977374
2018-08-25,193467.7420880306
2018-08-26,181157.41880038969
2018-08-27,204200.4657694733
2018-08-28,204130.90416171472
2018-08-29,204396.09370392511
2018-08-30,205814.81623325543
2018-08-31,207307.3943550587
2018-09-01,193262.43783139292
2018-09-02,179412.7361874829
2018-09-03,197350.1181303109
2018-09-04,197825.3644197149
2018-09-05,197241.3376615722
2018-09-06,198591.25623715043
2018-09-07,200276.3974115203
2018-09-08,193278.17802779668
2018-09-09,181392.9344541004
2018-09-10,200590.5521206222
2018-09-11,198125.8558631161
2018-09-12,195128.5507694155
2018-09-13,199032.64872388923
2018-09-14,198705.4384869436
2018-09-15,192370.1320745843
2018-09-16,177649.9852344414
2018-09-17,180341.6552860495
2018-09-18,175340.3273718622
2018-09-19,177209.8408435028
2018-09-20,200044.98478782282
2018-09-21,197296.3120667462
2018-09-22,191032.304040745
2018-09-23,179415.96898499763
2018-09-24,198586.3781925186
2018-09-25,202097.07145490713
2018-09-26,201192.5923765423
2018-09-27,204293.57148891757
2018-09-28,203956.6741258116
2018-09-29,194324.0504188296
2018-09-30,185566.6351262546
2018-10-01,200118.43163590503
2018-10-02,203442.660651752
2018-10-03,199985.52160736092
2018-10-04,200864.5957442875
2018-10-05,198944.6645108616
2018-10-06,186865.35436348812
2018-10-07,185449.89723351668
2018-10-08,203831.3220407496
2018-10-09,212245.8668684758
2018-10-10,202234.598373926
2018-10-11,202570.30927796222
2018-10-12,205453.8188317437
2018-10-13,192434.0148133139
2018-10-14,176880.73391322838
2018-10-15,186617.5604592151
2018-10-16,204959.1150976552
2018-10-17,200223.9198621246
2018-10-18,195076.6264641485
2018-10-19,202906.0598946589
2018-10-20,191013.3767534224
2018-10-21,183881.54115268632
2018-10-22,200277.7311424823
2018-10-23,203690.0752932085
2018-10-24,197457.29832480333
2018-10-25,202837.01514421392
2018-10-26,203970.2059920958
2018-10-27,197458.4187172078
2018-10-28,184739.6595627575
2018-10-29,207643.4855343834
2018-10-30,182963.6941766474
2018-10-31,203593.4938275887
2018-11-01,184770.5346044456
2018-11-02,183508.38816934
2018-11-03,183687.48129180283
2018-11-04,178255.7684657355
2018-11-05,200081.34220097229
2018-11-06,203318.5602410436
2018-11-07,198591.8917310508
2018-11-08,204441.53866829028
2018-11-09,206947.2523510677
2018-11-10,193943.8847733962
2018-11-11,179022.57064644422
2018-11-12,202223.7537130031
2018-11-13,203762.8792609691
2018-11-14,206713.6387794564
2018-11-15,206516.7698066579
2018-11-16,209538.54837906087
2018-11-17,198544.13057370338
2018-11-18,188924.2757093094
2018-11-19,212200.6429224387
2018-11-20,216395.49707853442
2018-11-21,216393.6190883487
2018-11-22,215118.16045979303
2018-11-23,217037.6808527923
2018-11-24,203811.3778299142
2018-11-25,189744.9687899262
2018-11-26,213447.630328989
2018-11-27,215974.70519015333
2018-11-28,215828.0801214062
2018-11-29,216065.0544603249
2018-11-30,215448.94554699372
2018-12-01,201667.8823185646
2018-12-02,181938.9910949756
2018-12-03,210962.55771282842
2018-12-04,211642.189095389
2018-12-05,209461.796180548
2018-12-06,215324.4515885788
2018-12-07,212442.0277480282
2018-12-08,187620.1393195069
2018-12-09,180073.17484434252
2018-12-10,209738.17408024648
2018-12-11,215453.24643959242
2018-12-12,210655.4013347067
2018-12-13,203664.31190783536
2018-12-14,201171.19921836813
2018-12-15,191280.804244833
2018-12-16,180516.8973579354
2018-12-17,210802.7345995768
2018-12-18,213824.8648122973
2018-12-19,207739.09256965847
2018-12-20,209143.3634965716
2018-12-21,214591.0558670607
2018-12-22,204787.0886539778
2018-12-23,191672.7331883972
2018-12-24,199108.5128525775
2018-12-25,177671.39904450122
2018-12-26,210239.74993807802
2018-12-27,212655.3734143877
2018-12-28,214643.9693548948
2018-12-29,203135.28258522387
2018-12-30,190606.5841846627
2018-12-31,199087.6382659231
2019-01-01,173801.236411803
2019-01-02,201215.8504145781
2019-01-03,205412.5316313536
2019-01-04,209126.2189460432
2019-01-05,201609.86811615742
2019-01-06,186986.10929235778
2019-01-07,209659.6621071367
2019-01-08,207670.05026507302
2019-01-09,201503.5030649717
2019-01-10,205211.6906139876
2019-01-11,207185.79917200413
2019-01-12,194584.95361185842
2019-01-13,181518.05819112403
2019-01-14,201395.11827078607
2019-01-15,207872.3520616791
2019-01-16,210668.5492353522
2019-01-17,211386.4988284483
2019-01-18,214656.77902698918
2019-01-19,201385.13593151252
2019-01-20,185765.8461275015
2019-01-21,213560.9928253169
2019-01-22,213175.37068751358
2019-01-23,213571.08440683247
2019-01-24,216146.60310479562
2019-01-25,218960.9930847073
2019-01-26,207543.9862429706
2019-01-27,193172.65686072403
2019-01-28,218299.2454612442
2019-01-29,216862.72348001652
2019-01-30,214225.9347054114
2019-01-31,216399.1228025337
2019-02-01,216493.13173783052
2019-02-02,198110.4834783435
2019-02-03,183636.83790291782
2019-02-04,208602.2818038922
2019-02-05,216047.0831332074
2019-02-06,214828.9474539949
2019-02-07,210977.6962490451
2019-02-08,208785.43613637303
2019-02-09,194650.34822472918
2019-02-10,182233.6792826535
2019-02-11,201334.8628538377
2019-02-12,205674.63694522623
2019-02-13,200674.59918031667
2019-02-14,206135.53547653012
2019-02-15,214046.02488642573
2019-02-16,199255.48363049328
2019-02-17,189738.4207811975
2019-02-18,214694.1164169506
2019-02-19,217984.0656578343
2019-02-20,212449.86074448412
2019-02-21,208367.6497623672
2019-02-22,213145.1390352037
2019-02-23,202933.3134183631
2019-02-24,187211.6467805024
2019-02-25,208331.6266655499
2019-02-26,213047.5376847139
2019-02-27,213846.7153686954
2019-02-28,214396.12264365487
2019-03-01,215814.5022428205
2019-03-02,203239.1149803132
2019-03-03,188131.6325679703
2019-03-04,210555.2393552388
2019-03-05,216297.2542614888
2019-03-06,214178.8800058033
2019-03-07,213452.74580869713
2019-03-08,216446.12101962668
2019-03-09,203392.1570044851
2019-03-10,188791.8176856288
2019-03-11,213580.0095730849
2019-03-12,217723.8525154973
2019-03-13,213476.2560184276
2019-03-14,210060.5356475438
2019-03-15,208535.20304997958
2019-03-16,195189.7574450135
2019-03-17,185044.7865346751
2019-03-18,207180.91980248142
2019-03-19,206068.907169519
2019-03-20,206506.4047601122
2019-03-21,207143.7608999313
2019-03-22,206312.80401719848
2019-03-23,198774.32115176588
2019-03-24,186409.36013846763
2019-03-25,208771.3607295662
2019-03-26,210598.9338665686
2019-03-27,204341.51941334852
2019-03-28,199718.7538371453
2019-03-29,201907.30784666882
2019-03-30,195242.79002284462
2019-03-31,185361.6334067805
2019-04-01,197437.65682857612
2019-04-02,200625.0581327205
2019-04-03,197846.8885841488
2019-04-04,194734.28691858
2019-04-05,198462.32610638038
2019-04-06,200317.10381779599
2019-04-07,181538.23829309948
2019-04-08,200315.1613114737
2019-04-09,202876.5360555225
2019-04-10,195570.71271890838
2019-04-11,194106.133265332
2019-04-12,204047.5456258632
2019-04-13,197997.78911423433
2019-04-14,184058.4831984175
2019-04-15,199266.77208040142
2019-04-16,199680.8168309885
2019-04-17,200118.0745249657
2019-04-18,201885.56968496082
2019-04-19,182749.9820585298
2019-04-20,180792.04051995362
2019-04-21,181271.52436638472
2019-04-22,199896.42392819264
2019-04-23,204272.088061898
2019-04-24,201148.58294783108
2019-04-25,202217.5964401368
2019-04-26,203714.1429086383
2019-04-27,195974.2584025587
2019-04-28,185349.4502347206
2019-04-29,204449.8595904228
2019-04-30,204666.6434994943
2019-05-01,181707.5300052859
2019-05-02,200429.5062575867
2019-05-03,205994.82652188692
2019-05-04,201030.46067045702
2019-05-05,187351.142072173
2019-05-06,204199.7011590012
2019-05-07,207391.34241018054
2019-05-08,204608.16705757618
2019-05-09,204108.8298438731
2019-05-10,204407.5043881499
2019-05-11,197538.2912927964
2019-05-12,185324.1197151069
2019-05-13,202771.10202726437
2019-05-14,205345.1596498262
2019-05-15,204192.06777356198
2019-05-16,204724.9463809564
2019-05-17,205236.87029131062
2019-05-18,196408.67847803418
2019-05-19,189559.9741624209
2019-05-20,208942.4939839787
2019-05-21,198515.8881076323
2019-05-22,214705.3163382306
2019-05-23,214660.6715472287
2019-05-24,216162.3460559792
2019-05-25,203196.0405058277
2019-05-26,191605.3536135951
2019-05-27,209845.80514548728
2019-05-28,210548.4699285151
2019-05-29,208886.6060986332
2019-05-30,205571.4230428218
2019-05-31,205156.09956499308
2019-06-01,198943.8134722183
2019-06-02,184684.32352956253
2019-06-03,200841.6086154201
2019-06-04,207361.1483835818
2019-06-05,202668.1569824469
2019-06-06,209353.23398888807
2019-06-07,211596.4286317817
2019-06-08,203964.72338248504
2019-06-09,192155.71535370458
2019-06-10,210329.55960176032
2019-06-11,218121.9588508005
2019-06-12,216223.6867625356
2019-06-13,217267.7711937658
2019-06-14,218078.14079892088
2019-06-15,205819.08111012712
2019-06-16,191196.2381003069
2019-06-17,217559.0347497222
2019-06-18,212153.60187836358
2019-06-19,211570.2054732017
2019-06-20,213255.19004847071
2019-06-21,214631.2781594352
2019-06-22,203698.40972825186
2019-06-23,194732.93399286014
2019-06-24,220264.9806583846
2019-06-25,220683.07577863906
2019-06-26,219503.45816307922
2019-06-27,221486.25717345634
2019-06-28,213468.69257961574
2019-06-29,197837.7564674416
2019-06-30,197874.2666897285
2019-07-01,217398.01654287873
2019-07-02,217863.38760101842
2019-07-03,215301.87481024372
2019-07-04,215288.8862833082
2019-07-05,216608.5524864067
2019-07-06,207080.57367101242
2019-07-07,195045.1047389526
2019-07-08,214536.1394010184
2019-07-09,212617.801290732
2019-07-10,217828.4890880569
2019-07-11,219056.02679530584
2019-07-12,219133.5226907284
2019-07-13,208101.9098615187
2019-07-14,195014.87473229808
2019-07-15,210898.9850518603
2019-07-16,198534.7123373917
2019-07-17,214620.8423097273
2019-07-18,211296.6245609447
2019-07-19,216200.71423140078
2019-07-20,204994.25457230982
2019-07-21,200623.2448843831
2019-07-22,221038.5888768982
2019-07-23,223200.3412409437
2019-07-24,219443.0876357176
2019-07-25,220105.2112360968
2019-07-26,218306.6828231883
2019-07-27,206826.60416691937
2019-07-28,195591.8620246583
2019-07-29,212445.7173878148
2019-07-30,211139.76692285578
2019-07-31,213931.22509800858
2019-08-01,215348.45567624902
2019-08-02,212091.63023604237
2019-08-03,199761.70594134682
2019-08-04,190068.16440465781
2019-08-05,210172.05415536033
2019-08-06,213743.522755284
2019-08-07,212033.4822996707
2019-08-08,215456.9275339654
2019-08-09,217917.4933297744
2019-08-10,208891.7190267899
2019-08-11,193237.6899993934
2019-08-12,212358.1812179496
2019-08-13,210387.22257689649
2019-08-14,205272.7054038326
2019-08-15,194105.11067188618
2019-08-16,208288.1216701719
2019-08-17,202394.82480578052
2019-08-18,194015.196140794
2019-08-19,215533.3267039547
2019-08-20,208580.10177923052
2019-08-21,208443.80180226057
2019-08-22,208030.6895249014
2019-08-23,204043.722736837
2019-08-24,196975.6463321278
2019-08-25,188785.8995436884
2019-08-26,204589.7288123439
2019-08-27,206711.8310325849
2019-08-28,203602.26541936374
2019-08-29,206375.0071929328
2019-08-30,207964.0738305061
2019-08-31,197452.33446991892
2019-09-01,185307.7545945165
2019-09-02,203321.5877910609
2019-09-03,200611.27266346372
2019-09-04,198257.40664332133
2019-09-05,202169.7840402915
2019-09-06,205371.96333495952
2019-09-07,198310.74286519008
2019-09-08,175282.3780622463
2019-09-09,205729.30719792837
2019-09-10,206697.1192968869
2019-09-11,202543.85768875628
2019-09-12,202179.16625925808
2019-09-13,204800.5292470431
2019-09-14,201700.74180309553
2019-09-15,192101.7795453879
2019-09-16,205216.1297544259
2019-09-17,199456.2842421222
2019-09-18,180017.7744247592
2019-09-19,178303.04063024
2019-09-20,183197.9012179195
2019-09-21,188030.9746572164
2019-09-22,184418.49488114862
2019-09-23,203160.5528872524
2019-09-24,203335.0822364189
2019-09-25,199684.47221787123
2019-09-26,205872.9326973462
2019-09-27,209955.7811327945
2019-09-28,197670.21255488298
2019-09-29,187275.65398948352
2019-09-30,209762.5039941042
2019-10-01,218007.23468776187
2019-10-02,215297.4733978578
2019-10-03,210620.86773602938
2019-10-04,207028.9273816851
2019-10-05,195558.7600579183
2019-10-06,182394.2908102035
2019-10-07,203497.29609298194
2019-10-08,206225.47462488728
2019-10-09,206412.98951413378
2019-10-10,207833.64352766203
2019-10-11,209358.9491698767
2019-10-12,190911.6163696772
2019-10-13,184620.4915049977
2019-10-14,205391.5947537065
2019-10-15,206314.9932523896
2019-10-16,201975.7139321865
2019-10-17,200920.2603337992
2019-10-18,199028.43070909657
2019-10-19,188407.25001121988
2019-10-20,172815.36798936702
2019-10-21,177938.078355863
2019-10-22,182011.10325950052
2019-10-23,184749.74443908333
2019-10-24,189458.26382106717
2019-10-25,194192.8202859452
2019-10-26,187459.9410622685
2019-10-27,177942.676753798
2019-10-28,196425.27517049952
2019-10-29,200570.6944986215
2019-10-30,193548.13149139332
2019-10-31,180178.00071120542
2019-11-01,178302.70166274993
2019-11-02,183271.2875458235
2019-11-03,176263.5661287899
2019-11-04,201551.89017450108
2019-11-05,204386.1028627695
2019-11-06,206530.0420672583
2019-11-07,210232.4865195848
2019-11-08,212452.2849874982
2019-11-09,201680.3750434767
2019-11-10,187802.4223962845
2019-11-11,210501.2809912225
2019-11-12,206750.21830618108
2019-11-13,207268.9967715904
2019-11-14,210685.28752984104
2019-11-15,215493.76921545799
2019-11-16,208293.12369080132
2019-11-17,194330.9127838762
2019-11-18,218563.99771389423
2019-11-19,221689.36446491847
2019-11-20,215454.0055077109
2019-11-21,215413.79061137332
2019-11-22,212857.7362964192
2019-11-23,202690.3834959563
2019-11-24,186945.0784002992
2019-11-25,210148.9100973544
2019-11-26,211167.0465181238
2019-11-27,212276.2811080901
2019-11-28,214406.2418642114
2019-11-29,215712.14249445678
2019-11-30,203037.17722015342
2019-12-01,189494.4640509965
2019-12-02,211325.02620198837
2019-12-03,215047.04433674057
2019-12-04,213909.19344591463
2019-12-05,213786.0779909124
2019-12-06,216819.9641000632
2019-12-07,203450.4911247473
2019-12-08,191279.48536024953
2019-12-09,216726.9714113229
2019-12-10,218975.14425487764
2019-12-11,219359.82943244508
2019-12-12,222360.6826593891
2019-12-13,220673.07203149569
2019-12-14,205367.3858395351
2019-12-15,190874.8923857686
2019-12-16,219066.7507449368
2019-12-17,222365.40878280788
2019-12-18,219242.5891455145
2019-12-19,217288.39109167262
2019-12-20,222042.392361552
2019-12-21,212073.4731723598
2019-12-22,198836.4761383308
2019-12-23,223008.11502677
2019-12-24,215703.1355377415
2019-12-25,184969.83340008018
2019-12-26,217276.27818749758
2019-12-27,224236.6010165029
2019-12-28,214967.90273678792
2019-12-29,201168.8147799304
2019-12-30,222258.2582258743
2019-12-31,213015.78495786886
2020-01-01,181046.84537347127
2020-01-02,215020.1581928105
2020-01-03,220192.97962945915
2020-01-04,209581.7783765815
2020-01-05,192613.04238864413
2020-01-06,212169.26639322337
2020-01-07,214154.6321693971
2020-01-08,209192.94157039752
2020-01-09,213398.695241784
2020-01-10,214329.1298017996
2020-01-11,202558.4859839492
2020-01-12,187772.4407385806
2020-01-13,215123.35288990982
2020-01-14,217360.4229625012
2020-01-15,214691.5475124614
2020-01-16,215641.61817891322
2020-01-17,219448.5506960769
2020-01-18,207201.0566137174
2020-01-19,189114.9189902649
2020-01-20,215257.1079893831
2020-01-21,220847.7997175153
2020-01-22,216298.23977235617
2020-01-23,221236.98283474983
2020-01-24,225750.3247140203
2020-01-25,211794.9308751898
2020-01-26,195942.0762653037
2020-01-27,223920.8846532277
2020-01-28,227759.0294432577
2020-01-29,222410.1776408768
2020-01-30,222365.38571679068
2020-01-31,221625.8343561252
2020-02-01,205317.4101956774
2020-02-02,191823.96006936338
2020-02-03,213966.32246220848
2020-02-04,215637.9596303061
2020-02-05,212655.6229539058
2020-02-06,213215.22420186712
2020-02-07,216722.2227297772
2020-02-08,208462.14646019932
2020-02-09,197125.8829959419
2020-02-10,220778.34722643433
2020-02-11,220110.7884404769
2020-02-12,216749.9334890386
2020-02-13,216309.904247428
2020-02-14,214360.20055947528
2020-02-15,200942.50354385562
2020-02-16,188235.6399279635
2020-02-17,212348.6532913116
2020-02-18,216847.03027626892
2020-02-19,219031.0815035501
2020-02-20,222090.02328319228
2020-02-21,217973.49817450962
2020-02-22,205111.1584764792
2020-02-23,189936.93329961092
2020-02-24,214184.8376675859
2020-02-25,216786.62992101046
2020-02-26,216575.5731210503
2020-02-27,217641.62583800597
2020-02-28,216583.71822490206
2020-02-29,208804.88085511688
2020-03-01,186613.93361390522
2020-03-02,214900.3302142108
2020-03-03,218890.19426829272
2020-03-04,213975.85603065917
2020-03-05,216406.56794755431
2020-03-06,221177.905369621
2020-03-07,204529.018547177
2020-03-08,191489.7173634542
2020-03-09,194914.65283512237
2020-03-10,205211.8269560631
2020-03-11,211356.7804946763
2020-03-12,215207.58007933298
2020-03-13,220996.0180958941
2020-03-14,208016.23237033864
2020-03-15,191401.8291330152
2020-03-16,207656.6769463876
2020-03-17,212622.45589197165
2020-03-18,211681.0362274039
2020-03-19,206013.1341782049
2020-03-20,212783.08019429375
2020-03-21,200924.1549003349
2020-03-22,187597.03760796555
2020-03-23,206962.84828684048
2020-03-24,210957.50432838622
2020-03-25,209190.5986128525
2020-03-26,212341.6058540398
2020-03-27,207836.12703918538
2020-03-28,199510.45837867216
2020-03-29,188077.6571899578
2020-03-30,205274.3930967939
2020-03-31,204838.52479485903
2020-04-01,200096.87777049374
2020-04-02,199610.6223488366
2020-04-03,198384.99934226257
2020-04-04,192049.8787956384
2020-04-05,178826.63647712994
2020-04-06,194224.34006969183
2020-04-07,202250.06871043748
2020-04-08,203390.55833262857
2020-04-09,200750.1750191569
2020-04-10,185484.04313814698
2020-04-11,185011.408581536
2020-04-12,183426.40688786533
2020-04-13,201925.05437174818
2020-04-14,203965.24342290184
2020-04-15,202480.64852330103
2020-04-16,204548.1693401046
2020-04-17,205522.53139899662
2020-04-18,193924.89621816276
2020-04-19,183774.7261634101
2020-04-20,201689.291199875
2020-04-21,204726.62723433485
2020-04-22,198992.04154511294
2020-04-23,198702.44089859352
2020-04-24,205284.60142131723
2020-04-25,196491.1873663739
2020-04-26,188131.67889427877
2020-04-27,203114.69446158403
2020-04-28,205509.30060499517
2020-04-29,205843.85200932695
2020-04-30,201792.60362910642
2020-05-01,181661.8697344777
2020-05-02,187528.212483029
2020-05-03,184281.0639233446
2020-05-04,200499.17505922378
2020-05-05,200518.21528705396
2020-05-06,194569.94323947688
2020-05-07,197379.257413342
2020-05-08,199873.6509949324
2020-05-09,194031.84027092572
2020-05-10,185246.66471578478
2020-05-11,203609.84053719087
2020-05-12,200765.96429820522
2020-05-13,201128.85442890588
2020-05-14,197398.1785479665
2020-05-15,194745.2578421772
2020-05-16,187817.5267787004
2020-05-17,185196.21004321857
2020-05-18,196332.33162301622
2020-05-19,207909.04024048898
2020-05-20,207451.2918100618
2020-05-21,194443.3560134314
2020-05-22,200773.51138765243
2020-05-23,181464.74167973362
2020-05-24,181400.51425863942
2020-05-25,201205.27176869073
2020-05-26,197607.2501795065
2020-05-27,203126.7754366442
2020-05-28,210196.04940920768
2020-05-29,210579.3925503536
2020-05-30,195926.85178027244
2020-05-31,183074.6001734052
2020-06-01,193084.2516805947
2020-06-02,204916.196378221
2020-06-03,190215.66605530883
2020-06-04,201029.39197099878
2020-06-05,206887.72405535943
2020-06-06,198006.51554089633
2020-06-07,185818.6822152923
2020-06-08,197930.70157737788
2020-06-09,203053.58191713563
2020-06-10,200366.6918220581
2020-06-11,208779.9047029232
2020-06-12,211259.4767363012
2020-06-13,200514.3787576264
2020-06-14,183740.00570293597
2020-06-15,197860.13791338832
2020-06-16,198574.0678636657
2020-06-17,202305.91225198488
2020-06-18,207199.7015678164
2020-06-19,207394.0027978505
2020-06-20,201328.1711568922
2020-06-21,191224.5426310072
2020-06-22,211208.1780472782
2020-06-23,211070.5425875032
2020-06-24,208345.59023652802
2020-06-25,211047.3183921748
2020-06-26,208785.75224837998
2020-06-27,199876.31351382862
2020-06-28,192698.03503872978
2020-06-29,193570.89566380478
2020-06-30,199235.8323534271
2020-07-01,201119.6959614618
2020-07-02,195689.73945382
2020-07-03,194601.8175273604
2020-07-04,198830.02684218247
2020-07-05,186688.04182110852
2020-07-06,201708.6780939115
2020-07-07,205752.4553291038
2020-07-08,206722.5032097426
2020-07-09,204883.1316531678
2020-07-10,206481.2739337387
2020-07-11,200527.00837733597
2020-07-12,187398.98274475223
2020-07-13,199336.4711061981
2020-07-14,203735.66173386842
2020-07-15,201157.7107064773
2020-07-16,195244.8827278637
2020-07-17,205428.86078478448
2020-07-18,198973.9833384981
2020-07-19,189485.7152200011
2020-07-20,200630.48291641363
2020-07-21,208615.9554028831
2020-07-22,207505.9856202652
2020-07-23,206491.5191929881
2020-07-24,205151.96971337212
2020-07-25,205113.2786101754
2020-07-26,196208.0689256987
2020-07-27,208286.1156942465
2020-07-28,211070.51161946732
2020-07-29,208438.5894805601
2020-07-30,209277.7060131611
2020-07-31,202771.76146718272
2020-08-01,196907.8332856582
2020-08-02,187694.1937201861
2020-08-03,198965.8486111487
2020-08-04,203529.007953989
2020-08-05,202075.5515459059
2020-08-06,202337.17975068968
2020-08-07,197292.160147293
2020-08-08,187683.35325133338
2020-08-09,180508.1188901527
2020-08-10,202701.79576399832
2020-08-11,208122.9424321807
2020-08-12,210743.6441805937
2020-08-13,211463.30871367792
2020-08-14,208829.5854224399
2020-08-15,192046.67354896432
2020-08-16,187672.7399274499
2020-08-17,207225.75466502662
2020-08-18,212325.9504104519
2020-08-19,210300.2561400925
2020-08-20,207783.9553992439
2020-08-21,204434.1764118873
2020-08-22,194364.32365634746
2020-08-23,188529.82965458537
2020-08-24,206808.02527361727
2020-08-25,207628.7957821869
2020-08-26,208078.0020947616
2020-08-27,209748.42985202538
2020-08-28,212601.98117520515
2020-08-29,197895.0682068085
2020-08-30,189907.91513045112
2020-08-31,211775.0303867083
2020-09-01,213540.4990951615
2020-09-02,206561.12909932993
2020-09-03,205626.0492317049
2020-09-04,205112.42323140675
2020-09-05,194524.707915803
2020-09-06,176625.27545570178
2020-09-07,205625.8262463429
2020-09-08,212254.84750994318
2020-09-09,204214.9511590845
2020-09-10,202991.57022238898
2020-09-11,201889.8770203314
2020-09-12,190990.8585767561
2020-09-13,182978.8519288491
2020-09-14,201281.87233597648
2020-09-15,205026.5889450002
2020-09-16,200668.18134558928
2020-09-17,197222.08552841717
2020-09-18,179740.1059061033
2020-09-19,178476.17580870382
2020-09-20,181816.9364549734
2020-09-21,202667.55972826702
2020-09-22,203674.6342343335
2020-09-23,200671.55713257063
2020-09-24,203263.65647334477
2020-09-25,210248.0239214583
2020-09-26,194935.30283048152
2020-09-27,182781.8819395095
2020-09-28,203260.994829047
2020-09-29,207822.0510566182
2020-09-30,201278.75096465403
2020-10-01,203030.83069811942
2020-10-02,204309.4528251992
2020-10-03,197750.64771181697
2020-10-04,186499.040741382
2020-10-05,202797.2306332811
2020-10-06,203113.5856907307
2020-10-07,201623.3998302748
2020-10-08,202453.056440914
2020-10-09,204047.3237646182
2020-10-10,192863.37676346028
2020-10-11,180459.5808886758
2020-10-12,186499.0311893631
2020-10-13,205680.37450722442
2020-10-14,200631.0423783769
2020-10-15,206167.2596945919
2020-10-16,205916.45880702988
2020-10-17,197289.68941287138
2020-10-18,184474.1283224022
2020-10-19,203522.22916011978
2020-10-20,206196.63131951969
2020-10-21,205693.0746652756
2020-10-22,204710.13896683502
2020-10-23,206264.0715183754
2020-10-24,195396.67347787062
2020-10-25,184357.4872191609
2020-10-26,208681.2782062968
2020-10-27,210509.4159300256
2020-10-28,208475.91415433612
2020-10-29,209222.0222372817
2020-10-30,210358.321687692
2020-10-31,192762.0074738137
2020-11-01,186741.4840238145
2020-11-02,205943.2133235133
2020-11-03,208537.929448257
2020-11-04,208118.55001628317
2020-11-05,207976.2876822419
2020-11-06,209406.8374416287
2020-11-07,197388.95023194197
2020-11-08,186571.39765168063
2020-11-09,208299.333554285
2020-11-10,211785.0265442646
2020-11-11,209857.1418388039
2020-11-12,208464.37316585387
2020-11-13,204947.18780006608
2020-11-14,191086.2721771747
2020-11-15,181111.5324393027
2020-11-16,204542.5829320933
2020-11-17,208383.9815981179
2020-11-18,207282.2433932317
2020-11-19,210679.8716046801
2020-11-20,211454.9806609538
2020-11-21,200450.08330577766
2020-11-22,186323.3078462886
2020-11-23,209113.56530110154
2020-11-24,211930.36337577758
2020-11-25,211845.84073247755
2020-11-26,216512.6691108016
2020-11-27,217084.68598870348
2020-11-28,204332.80322866922
2020-11-29,191262.2983427233
2020-11-30,217948.79070564097
2020-12-01,219988.48208938778
2020-12-02,214406.88879623546
2020-12-03,219451.8952523066
2020-12-04,220210.85277281902
2020-12-05,209156.8074846874
2020-12-06,193992.5031755086
2020-12-07,209903.53746374347
2020-12-08,200538.1151847221
2020-12-09,216628.3160218337
2020-12-10,212489.8662418953
2020-12-11,214642.6384764796
2020-12-12,205770.5549294935
2020-12-13,198160.2013935929
2020-12-14,215800.98002008212
2020-12-15,216796.42960799238
2020-12-16,216115.8407091341
2020-12-17,214933.69960691172
2020-12-18,217580.54141476337
2020-12-19,207970.648866207
2020-12-20,197640.52099209378
2020-12-21,221110.9699053418
2020-12-22,225427.6678035685
2020-12-23,223750.2222314764
2020-12-24,217923.7658100002
2020-12-25,194502.8495225749
2020-12-26,202628.7764723359
2020-12-27,200351.1885281615
2020-12-28,225514.6821192674
2020-12-29,225744.50056581091
2020-12-30,223874.1628856014
2020-12-31,217599.6675669414
2021-01-01,192088.67496912566
2021-01-02,200269.0976125361
2021-01-03,198183.02963847423
2021-01-04,221765.3489533088
2021-01-05,223530.3640563232
2021-01-06,218047.89877360212
2021-01-07,212453.2611049949
2021-01-08,214732.5041956694
2021-01-09,200449.18666986178
2021-01-10,189021.3182929777
2021-01-11,215234.5885349769
2021-01-12,217891.67258985373
2021-01-13,210267.1197384721
2021-01-14,204842.9691567309
2021-01-15,206856.57616244312
2021-01-16,202091.81572195629
2021-01-17,193735.9046147346
2021-01-18,219051.70894412012
2021-01-19,214366.92735381873
2021-01-20,214042.8341084673
2021-01-21,211178.97466770376
2021-01-22,213473.70230614732
2021-01-23,207116.81643938908
2021-01-24,193304.19809899048
2021-01-25,216271.87965469994
2021-01-26,212184.2247469389
2021-01-27,215356.0326831505
2021-01-28,208266.5846514429
2021-01-29,196356.2837850651
2021-01-30,190671.0961987192
2021-01-31,181183.81779073828
2021-02-01,204535.19193881023
2021-02-02,195496.23155495513
2021-02-03,200072.86553451174
2021-02-04,213370.47966543224
2021-02-05,210544.08308761052
2021-02-06,201324.73152038513
2021-02-07,188583.32962465813
2021-02-08,210348.2203644037
2021-02-09,212029.22633615002
2021-02-10,214666.72202438963
2021-02-11,208108.21811901568
2021-02-12,200693.98338974293
2021-02-13,200328.01752646716
2021-02-14,186364.04614398134
2021-02-15,205406.84805606716
2021-02-16,205546.1840606059
2021-02-17,180027.94374955774
2021-02-18,179748.35306493248
2021-02-19,189425.56676810764
2021-02-20,184530.9002018403
2021-02-21,186010.4198202373
2021-02-22,199747.60016728652
2021-02-23,210707.86868455075
2021-02-24,217984.96655262815
2021-02-25,217983.15506657097
2021-02-26,220120.07782697823
2021-02-27,214219.2564973848
2021-02-28,200061.61062542725
2021-03-01,216126.02513973112
2021-03-02,215389.0559637051
2021-03-03,215718.50495572586
2021-03-04,215236.06438923557
2021-03-05,219954.5551195482
2021-03-06,213891.64581739437
2021-03-07,205815.9095166984
2021-03-08,223221.49282184738
2021-03-09,212389.25758600602
2021-03-10,206956.47003000928
2021-03-11,210491.70581161452
2021-03-12,215193.7049078887
2021-03-13,203881.1942910798
2021-03-14,192073.7629878535
2021-03-15,194986.0210158969
2021-03-16,206607.95258105328
2021-03-17,208015.452981329
2021-03-18,210507.19941463228
2021-03-19,209394.40225805537
2021-03-20,199794.508505373
2021-03-21,192222.3536384101
2021-03-22,214234.0435531795
2021-03-23,215831.73664985248
2021-03-24,214803.9235560712
2021-03-25,213998.91938863188
2021-03-26,215304.7855409366
2021-03-27,204148.2375986062
2021-03-28,191303.8709303299
2021-03-29,208815.9384521706
2021-03-30,210037.0271037997
2021-03-31,208920.99802058388
2021-04-01,200592.45746824512
2021-04-02,191635.03413031972
2021-04-03,198160.76676254653
2021-04-04,191545.1974839021
2021-04-05,210198.7037363712
2021-04-06,215353.75924903539
2021-04-07,214424.3819030132
2021-04-08,213797.4350380232
2021-04-09,214102.0315318313
2021-04-10,205654.3787609754
2021-04-11,191748.4809286422
2021-04-12,212608.1824045052
2021-04-13,215819.72722571867
2021-04-14,211585.879628069
2021-04-15,209114.6017026558
2021-04-16,207282.6878613327
2021-04-17,193794.1409379847
2021-04-18,186373.88300032722
2021-04-19,206077.67446683752
2021-04-20,210452.68390390032
2021-04-21,207703.69330823628
2021-04-22,209466.14775581378
2021-04-23,214395.27446942258
2021-04-24,202856.1827665502
2021-04-25,191561.1103651286
2021-04-26,208295.0785584986
2021-04-27,212686.55432919037
2021-04-28,210109.8579177186
2021-04-29,208540.0161509468
2021-04-30,215842.89841282158
2021-05-01,192476.3101591625
2021-05-02,194681.2508338617
2021-05-03,214981.2045722356
2021-05-04,218716.86427821053
2021-05-05,215063.78524510103
2021-05-06,214673.44917180142
2021-05-07,215997.706810317
2021-05-08,203612.3652045534
2021-05-09,190279.2692279159
2021-05-10,213217.0890329425
2021-05-11,214200.5968662078
2021-05-12,210478.14359347182
2021-05-13,204897.5027785207
2021-05-14,210015.7740164225
2021-05-15,195532.7731840125
2021-05-16,193938.01482329052
2021-05-17,216225.20035989519
2021-05-18,218935.4648252087
2021-05-19,218346.1646639846
2021-05-20,219673.7242934791
2021-05-21,205193.4547255243
2021-05-22,204066.2649032252
2021-05-23,196151.90927533322
2021-05-24,217894.3412408068
2021-05-25,219425.6874368885
2021-05-26,218297.6813344334
2021-05-27,218771.23944605296
2021-05-28,215896.0979532828
2021-05-29,212938.07632418483
2021-05-30,201921.8058213459
2021-05-31,216249.77080978407
2021-06-01,214908.84448553922
2021-06-02,210648.70339325757
2021-06-03,209907.0836516089
2021-06-04,214034.55083216992
2021-06-05,209162.81643499818
2021-06-06,200525.6692902704
2021-06-07,215261.9392264302
2021-06-08,217553.12208029968
2021-06-09,216718.590865698
2021-06-10,216819.94387559732
2021-06-11,214305.589228608
2021-06-12,206616.831559268
2021-06-13,200921.7518840144
2021-06-14,219534.2349873318
2021-06-15,225664.8894040048
2021-06-16,219476.8885578021
2021-06-17,221072.7674897801
2021-06-18,223152.4274169295
2021-06-19,212085.868767359
2021-06-20,203254.2300937012
2021-06-21,208088.9750694357
2021-06-22,220978.31785334292
2021-06-23,225771.7407066515
2021-06-24,225201.67136717538
2021-06-25,231853.13365788
2021-06-26,217052.01988232532
2021-06-27,210078.3886054064
2021-06-28,207212.468468632
2021-06-29,224821.9816722061
2021-06-30,225042.1997292063
2021-07-01,227182.4631339245
2021-07-02,228333.6725805719
2021-07-03,215594.3972203927
2021-07-04,206395.0495193077
2021-07-05,226293.35730047
2021-07-06,229451.9477159179
2021-07-07,223092.80138016102
2021-07-08,221449.38803219722
2021-07-09,225831.788074231
2021-07-10,215883.68526079302
2021-07-11,207076.38117839542
2021-07-12,213736.3643945711
2021-07-13,207324.06669218148
2021-07-14,204424.743236719
2021-07-15,204949.874827566
2021-07-16,204013.55063986222
2021-07-17,200524.8592850996
2021-07-18,187138.8454448974
2021-07-19,203433.8217055524
2021-07-20,203865.8162317502
2021-07-21,196901.11258244998
2021-07-22,199625.9699201318
2021-07-23,204490.7753309905
2021-07-24,187340.61140845402
2021-07-25,194815.9982171472
2021-07-26,212649.36057356303
2021-07-27,211454.336869296
2021-07-28,211275.62328064002
2021-07-29,208290.0517368702
2021-07-30,204484.7499626158
2021-07-31,207245.9330512995
2021-08-01,192987.1681116405
2021-08-02,200733.05556934988
2021-08-03,202696.13894769186
2021-08-04,197076.5443032677
2021-08-05,195755.59896155234
2021-08-06,198290.41819438353
2021-08-07,198594.00919579188
2021-08-08,189398.0540388781
2021-08-09,209916.71431019972
2021-08-10,211431.87423915704
2021-08-11,208372.62727051246
2021-08-12,204637.9050384977
2021-08-13,209258.0094342954
2021-08-14,202952.71774366035
2021-08-15,201156.2162454857
2021-08-16,223861.00388318414
2021-08-17,217154.27983741462
2021-08-18,220996.89806957962
2021-08-19,215147.82287310055
2021-08-20,220733.42474376626
2021-08-21,206034.10676617944
2021-08-22,194745.08728779465
2021-08-23,221280.2876756541
2021-08-24,215844.9500664729
2021-08-25,209730.81157467945
2021-08-26,215945.9953075631
2021-08-27,217177.382325792
2021-08-28,202843.1453552943
2021-08-29,191716.06246716355
2021-08-30,206770.6951634031
2021-08-31,213875.1897735891
2021-09-01,208350.0709374905
2021-09-02,210756.89702425338
2021-09-03,216915.29858321074
2021-09-04,199069.6246856997
2021-09-05,181761.30556427012
2021-09-06,218972.9347291295
2021-09-07,221230.67775102495
2021-09-08,215047.50383081826
2021-09-09,217938.3285933672
2021-09-10,216489.8229310669
2021-09-11,211731.706960928
2021-09-12,201982.19985575904
2021-09-13,223745.89064183758
2021-09-14,222429.8876415468
2021-09-15,210059.05106493714
2021-09-16,207139.83795238088
2021-09-17,193249.16815206897
2021-09-18,185622.12356971807
2021-09-19,185044.96817500834
2021-09-20,214593.62334399464
2021-09-21,220282.20371331708
2021-09-22,218438.37689007568
2021-09-23,214851.73905737215
2021-09-24,214754.4639019611
2021-09-25,204259.79138886524
2021-09-26,190154.4661000949
2021-09-27,211946.26202656986
2021-09-28,212000.37297972164
2021-09-29,204039.91226851995
2021-09-30,205752.7346429413
2021-10-01,209530.52920259492
2021-10-02,200002.1569678077
2021-10-03,191722.16527842637
2021-10-04,211659.6002779362
2021-10-05,214050.8462207206
2021-10-06,212800.94079255513
2021-10-07,214266.72144561174
2021-10-08,213782.49764579302
2021-10-09,200413.8809028767
2021-10-10,188868.31277605038
2021-10-11,193687.3996174722
2021-10-12,209712.98446654133
2021-10-13,209797.3329753126
2021-10-14,209037.83313940896
2021-10-15,213955.19079124898
2021-10-16,203406.3955551771
2021-10-17,192845.0963997193
2021-10-18,214420.50893315667
2021-10-19,216964.99244408583
2021-10-20,215873.00133497082
2021-10-21,216013.25419837207
2021-10-22,216958.1039829036
2021-10-23,205098.3416200747
2021-10-24,194076.79030176502
2021-10-25,216863.25746428058
2021-10-26,217288.6924071022
2021-10-27,216575.980206872
2021-10-28,220707.34839149078
2021-10-29,223686.6590640879
2021-10-30,211025.59696199402
2021-10-31,195299.12221917752
2021-11-01,196137.84763603262
2021-11-02,216866.45621105103
2021-11-03,213737.37667156008
2021-11-04,211694.98873173472
2021-11-05,215538.8881334653
2021-11-06,204929.07088892628
2021-11-07,196744.0664778977
2021-11-08,217945.9603233324
2021-11-09,220683.8632827299
2021-11-10,215494.6802094639
2021-11-11,216221.84728114918
2021-11-12,220410.1143082895
2021-11-13,208837.93504832103
2021-11-14,194121.3181861694
2021-11-15,213849.6381483085
2021-11-16,218071.454818792
2021-11-17,208934.1366731721
2021-11-18,218937.9675975156
2021-11-19,219309.11095695622
2021-11-20,208842.976658384
2021-11-21,198556.2663877734
2021-11-22,223205.3477958356
2021-11-23,224836.67997297042
2021-11-24,221701.2248999374
2021-11-25,220016.8026432257
2021-11-26,221228.9822221143
2021-11-27,208425.518864966
2021-11-28,199875.1907714066
2021-11-29,218582.11797243042
2021-11-30,219290.58960831718
2021-12-01,217101.4321798318
2021-12-02,220337.63706470237
2021-12-03,221494.493394257
2021-12-04,211224.4318302957
2021-12-05,204389.18305669128
2021-12-06,218791.46585252314
2021-12-07,220619.57441771158
2021-12-08,211638.00467401167
2021-12-09,231173.3728259192
2021-12-10,228848.1766390592
2021-12-11,211252.1549143874
2021-12-12,196718.70442234268
2021-12-13,221588.29091970692
2021-12-14,224652.1091853754
2021-12-15,222089.18825924548
2021-12-16,222111.5483998931
2021-12-17,223501.41211401258
2021-12-18,214197.7296449627
2021-12-19,204952.88263384037
2021-12-20,226985.1183742632
2021-12-21,227723.6684903039
2021-12-22,225531.9408601537
2021-12-23,225819.6690864059
2021-12-24,220809.2695620003
2021-12-25,198641.43685156532
2021-12-26,204548.8530984582
2021-12-27,228515.04831637413
2021-12-28,228240.0349601067
2021-12-29,213953.1667004965
2021-12-30,225061.3650132065
2021-12-31,219844.40223423252
2022-01-01,235055.9924391032
2022-01-02,201182.3607349174
2022-01-03,215279.19375559548
2022-01-04,207613.271490167
2022-01-05,205921.41160469278
2022-01-06,205544.37743154142
2022-01-07,211609.7240071288
2022-01-08,208247.9361271757
2022-01-09,204495.7246737908
2022-01-10,202947.02456193182
2022-01-11,204940.0774892783
2022-01-12,206069.266519234
2022-01-13,202724.7346865482
2022-01-14,215489.1720557987
2022-01-15,217622.528333006
2022-01-16,229441.02882224278
2022-01-17,220281.832535155
2022-01-18,223632.1075412582
2022-01-19,231132.87776011572
2022-01-20,224887.1946923976
2022-01-21,216337.0416219858
2022-01-22,215681.1621498299
2022-01-23,206440.3374507791
2022-01-24,203590.2787811969
2022-01-25,199556.85159271932
2022-01-26,198124.0955875735
2022-01-27,219090.0315668873
2022-01-28,210386.4416870394
2022-01-29,213092.4553840599
2022-01-30,206536.25495846831
2022-01-31,197046.13945182008
2022-02-01,199630.2164642861
2022-02-02,194466.8766844275
2022-02-03,198728.5787560714
2022-02-04,176166.9879129589
2022-02-05,187549.0299805534
2022-02-06,184945.3628793572
2022-02-07,182462.06259506632
2022-02-08,208463.17985167698
2022-02-09,215959.3765270834
2022-02-10,209836.56186270807
2022-02-11,206243.89959224703
2022-02-12,211775.12002935173
2022-02-13,213841.1274486558
2022-02-14,205238.0369736193
2022-02-15,201618.9019555934
2022-02-16,214830.32179302158
2022-02-17,222995.426418091
2022-02-18,222112.3615774688
2022-02-19,230558.60734751463
2022-02-20,221028.05434753888
2022-02-21,217914.76403409592
2022-02-22,206679.2210760097
2022-02-23,209819.68237279658
2022-02-24,200915.3866768925
2022-02-25,205770.3921369219
2022-02-26,190380.08766008448
2022-02-27,190412.892889076
2022-02-28,185311.78893153789
2022-03-01,187667.4555458592
2022-03-02,202681.35291064112
2022-03-03,217503.26021180948
2022-03-04,220123.8807595296
2022-03-05,207200.0586478577
2022-03-06,204128.96810997667
2022-03-07,203074.695495603
2022-03-08,202401.6113934003
2022-03-09,210363.56217029612
2022-03-10,217600.6283394923
2022-03-11,207240.5815668578
2022-03-12,218021.6744510588
2022-03-13,208033.629454721
2022-03-14,199216.7709071322
2022-03-15,211150.73402421107
2022-03-16,208416.60810217238
2022-03-17,213216.21839698267
2022-03-18,206847.24309699447
2022-03-19,195321.7501121885
2022-03-20,197423.3360217638
2022-03-21,201138.4393065453
2022-03-22,187800.0551034181
2022-03-23,195558.9428729725
2022-03-24,198246.3689109349
2022-03-25,201747.47934553988
2022-03-26,191428.12867962982
2022-03-27,198532.2015318515
2022-03-28,204224.6034298432
2022-03-29,204458.80630908342
2022-03-30,210653.10693405438
2022-03-31,214108.2056660016
2022-04-01,221575.2059884462
2022-04-02,211690.0610849315
2022-04-03,212157.112859146
2022-04-04,214649.86129924087
2022-04-05,206005.56904270354
2022-04-06,202729.1697641151
2022-04-07,209017.41818128605
2022-04-08,214178.18942061352
2022-04-09,215933.98900759427
2022-04-10,211099.94170979157
2022-04-11,201997.7774608182
2022-04-12,198421.7850028709
2022-04-13,208776.5950133042
2022-04-14,210673.48794387598
2022-04-15,216059.13320849766
2022-04-16,210513.51537062525
2022-04-17,198970.24955528518
2022-04-18,201419.63233696585
2022-04-19,209596.42288581855
2022-04-20,200939.94167659845
2022-04-21,209055.22145305813
2022-04-22,206179.52646513336
2022-04-23,212891.2099928314
2022-04-24,209174.7112021138
2022-04-25,187918.1899942836
2022-04-26,201240.7126207524
2022-04-27,201459.20166397622
2022-04-28,221668.7667232837
2022-04-29,224953.2402454698
2022-04-30,209767.0735062697
2022-05-01,205069.06867957368
2022-05-02,206055.64648721932
2022-05-03,205479.28380735192
2022-05-04,208251.3968868774
2022-05-05,208095.72824547288
2022-05-06,206690.3800423431
2022-05-07,209816.1802096054
2022-05-08,196319.09706591358
2022-05-09,197144.40024096108
2022-05-10,206797.98191447268
2022-05-11,196291.7823894556
2022-05-12,206333.4413421076
2022-05-13,213332.32987997407
2022-05-14,216198.0729632312
2022-05-15,210067.72309996694
2022-05-16,206820.0276147645
2022-05-17,209661.1703962408
2022-05-18,207266.41208502802
2022-05-19,222394.63358003163
2022-05-20,211788.6052661589
2022-05-21,208857.0107061689
2022-05-22,204651.66340451362
2022-05-23,197763.3365116675
2022-05-24,203637.6390789063
2022-05-25,204185.8904322274
2022-05-26,220697.99542700007
2022-05-27,211432.5690139665
2022-05-28,205096.24108008257
2022-05-29,209177.5725954147
2022-05-30,191427.2079279503
2022-05-31,188479.4483588341
2022-06-01,182887.51951452479
2022-06-02,193985.7456327734
2022-06-03,191370.7522666664
2022-06-04,192162.7844141431
2022-06-05,192288.49224063198
2022-06-06,183772.2587439339
2022-06-07,182689.23006201
2022-06-08,187845.5079399061
2022-06-09,188004.58772467758
2022-06-10,184139.5778353117
2022-06-11,181524.1782790817
2022-06-12,179716.47127013077
2022-06-13,181134.2952360372
2022-06-14,182201.22589246888
2022-06-15,179799.1339657115
2022-06-16,182220.3681787748
2022-06-17,187582.0975415175
2022-06-18,184421.34771282072
2022-06-19,178452.1044885044
2022-06-20,177714.0974972678
2022-06-21,192567.98243070563
2022-06-22,191501.78318024598
2022-06-23,192361.0287321081
2022-06-24,199570.33980642768
2022-06-25,192110.24239494253
2022-06-26,202150.0208409269
2022-06-27,199326.2873853447
2022-06-28,197304.41628416057
2022-06-29,197228.4213515256
2022-06-30,200287.2756413249
2022-07-01,197952.17639748618
2022-07-02,191865.34542990042
2022-07-03,191648.37199284052
2022-07-04,192245.12149656488
2022-07-05,198005.8401878892
2022-07-06,193737.1635975336
2022-07-07,199645.0229291031
2022-07-08,209630.0352769976
2022-07-09,205507.5554403622
2022-07-10,190192.2696640956
2022-07-11,190621.20814403263
2022-07-12,189675.80742680898
2022-07-13,195677.51676877623
2022-07-14,201257.19094874198
2022-07-15,209695.5367876108
2022-07-16,196193.6156405056
2022-07-17,187945.73093795002
2022-07-18,192427.3444602568
2022-07-19,205620.26944350783
2022-07-20,203681.4437036669
2022-07-21,217656.35178135568
2022-07-22,216353.28875765062
2022-07-23,211795.77897068372
2022-07-24,215465.9732626736
2022-07-25,226870.8669666486
2022-07-26,220425.9033015272
2022-07-27,221416.57552968452
2022-07-28,213668.2380746724
2022-07-29,209284.3530455804
2022-07-30,207858.8543599713
2022-07-31,221864.69159733978
2022-08-01,214236.849052069
2022-08-02,218822.3059994411
2022-08-03,217455.2738540665
2022-08-04,219057.07899467868
2022-08-05,216008.7180313298
2022-08-06,222426.9236042102
2022-08-07,222282.79320018168
2022-08-08,221413.7564517055
2022-08-09,220598.1395863519
2022-08-10,205608.12228129432
2022-08-11,203622.9323756432
2022-08-12,210939.4083670248
2022-08-13,220919.5515501919
2022-08-14,212258.2626650687
2022-08-15,209362.4409676604
2022-08-16,204685.6344825509
2022-08-17,196375.6875169071
2022-08-18,204547.36741968698
2022-08-19,207709.1080222612
2022-08-20,198568.833541389
2022-08-21,202537.8011505027
2022-08-22,207783.2330469235
2022-08-23,216221.8246274239
2022-08-24,218389.0570253318
2022-08-25,211141.97881571742
2022-08-26,211248.71248628758
2022-08-27,220132.92916496322
2022-08-28,207108.96665158132
2022-08-29,206759.9544509474
2022-08-30,214387.5509440005
2022-08-31,201432.41476399463
2022-09-01,202076.9651634388
2022-09-02,215183.3732469072
2022-09-03,215124.20585560828
2022-09-04,209846.8134512286
2022-09-05,212633.514776075
2022-09-06,212219.25695268158
2022-09-07,214248.6910183613
2022-09-08,222541.13026376258
2022-09-09,230621.2533075046
2022-09-10,232363.8240422933
2022-09-11,236807.20375515122
2022-09-12,242612.7111494157
2022-09-13,254963.7509186964
2022-09-14,251451.15707677888
2022-09-15,247076.93887898533
2022-09-16,237822.0477549773
2022-09-17,246734.101820748
2022-09-18,243844.8671626366
2022-09-19,247574.1165336401
2022-09-20,237007.48798628448
2022-09-21,226370.13021381202
2022-09-22,234403.09380718437
2022-09-23,240231.4938082422
2022-09-24,244713.60372615518
2022-09-25,247602.2037631955
2022-09-26,258377.6590553353
2022-09-27,259628.9290930528
2022-09-28,264238.4960676682
2022-09-29,263547.4405490087
2022-09-30,253976.3555424536
2022-10-01,239067.07661399408
2022-10-02,243940.9661920327
2022-10-03,245019.9036639329
2022-10-04,252480.41795146212
2022-10-05,254072.0590987549
2022-10-06,247465.2965014452
2022-10-07,255966.6794180831
2022-10-08,247782.8062501061
2022-10-09,256155.0282706999
2022-10-10,250193.3560998197
2022-10-11,248845.69843350817
2022-10-12,248111.7250647704
2022-10-13,239609.94557285338
2022-10-14,253548.79169906199
2022-10-15,248872.43900079504
2022-10-16,257238.78516358108
2022-10-17,253147.2437232595
2022-10-18,264490.4900578397
2022-10-19,261196.41120878787
2022-10-20,256913.84739966498
2022-10-21,263806.934841872
2022-10-22,271496.8738004921
2022-10-23,259254.9740142259
2022-10-24,259234.67855209493
2022-10-25,264597.5033932157
2022-10-26,261968.32545253442
2022-10-27,258245.47639163292
2022-10-28,249873.85482074638
2022-10-29,243239.3854006913
2022-10-30,248617.4500027144
2022-10-31,249395.6104361953
2022-11-01,244541.59606328493
2022-11-02,249157.06642663077
2022-11-03,252864.25166539862
2022-11-04,267885.3316191357
2022-11-05,265688.3079752687
2022-11-06,254571.5654431792
2022-11-07,240388.7812366641
2022-11-08,225355.62493689102
2022-11-09,228093.5059254457
2022-11-10,239227.86313682498
2022-11-11,231826.51897076183
2022-11-12,236615.27991616313
2022-11-13,252404.78659071607
2022-11-14,246309.95837471393
2022-11-15,232417.0280804789
2022-11-16,223937.1321610626
2022-11-17,217409.3076061692
2022-11-18,227313.03860542292
2022-11-19,230341.82287132498
2022-11-20,220926.4898975834
2022-11-21,219809.61636997398
2022-11-22,220309.0953600769
2022-11-23,213401.74565530973
2022-11-24,224038.52029718622
2022-11-25,220865.3738135818
2022-11-26,223123.82486096054
2022-11-27,230818.49351361912
2022-11-28,236877.6497436078
2022-11-29,224019.7377698006
2022-11-30,218409.1592338501
2022-12-01,225639.70739216718
2022-12-02,225155.03664800778
2022-12-03,218194.2991131115
2022-12-04,218165.11486870976
2022-12-05,220816.5412813063
2022-12-06,213837.8719992576
2022-12-07,199251.3935305938
2022-12-08,197861.6152104699
2022-12-09,210667.5762740059
2022-12-10,200402.0185954266
2022-12-11,213718.2631876406
2022-12-12,226853.66567700478
2022-12-13,230964.39794454369
2022-12-14,223654.20583642367
2022-12-15,225267.0306996099
2022-12-16,224426.084498398
2022-12-17,204385.4852871957
2022-12-18,209416.84918908298
2022-12-19,205082.8275778881
2022-12-20,213115.3200388311
2022-12-21,227128.4024777247
2022-12-22,232663.93756524468
2022-12-23,239210.696426476
2022-12-24,251684.943649036
2022-12-25,249639.0145842102
2022-12-26,241754.5646915768
2022-12-27,252469.3373697296
2022-12-28,254814.3235634421
2022-12-29,245893.0225904854
2022-12-30,238213.6440966399
2022-12-31,247179.38786174307
